-- Create database
CREATE DATABASE SCHOOL_MANAGEMENT;

-- Use the database
USE SCHOOL_MANAGEMENT;

--create tables

CREATE TABLE IF NOT EXISTS ADDRESS
(
    ADDRESS_ID       VARCHAR(20) PRIMARY KEY
  , STREET           VARCHAR(250)
  , CITY             VARCHAR(100)
  , STATE            VARCHAR(100)
  , COUNTRY          VARCHAR(100)
);

CREATE TABLE IF NOT EXISTS SCHOOL
(
    SCHOOL_ID         VARCHAR(20) PRIMARY KEY
  , SCHOOL_NAME       VARCHAR(100) NOT NULL
  , EDUCATION_BOARD   VARCHAR(80)
  , ADDRESS_ID        VARCHAR(20)
  , FOREIGN KEY (ADDRESS_ID) REFERENCES ADDRESS(ADDRESS_ID)
);

CREATE TABLE IF NOT EXISTS STAFF
(
    STAFF_ID         VARCHAR(20)
  , STAFF_TYPE       VARCHAR(30)
  , SCHOOL_ID        VARCHAR(20)
  , FIRST_NAME       VARCHAR(100) NOT NULL
  , LAST_NAME        VARCHAR(100) NOT NULL
  , AGE              INT
  , DOB              DATE
  , GENDER           VARCHAR(10) 
  , JOIN_DATE        DATE
  , ADDRESS_ID       VARCHAR(20)
  , CONSTRAINT PK_STAFF PRIMARY KEY(STAFF_ID)
  , CONSTRAINT FK_STAFF_SCHL FOREIGN KEY(SCHOOL_ID) REFERENCES SCHOOL(SCHOOL_ID)
  , CONSTRAINT FK_STAFF_ADDR FOREIGN KEY(ADDRESS_ID) REFERENCES ADDRESS(ADDRESS_ID)
);

CREATE TABLE IF NOT EXISTS STAFF_SALARY
(
    STAFF_ID         VARCHAR(20) PRIMARY KEY
  , SALARY           FLOAT
  , CURRENCY         VARCHAR(5)
);

CREATE TABLE IF NOT EXISTS SUBJECTS
(
    SUBJECT_ID       VARCHAR(20) PRIMARY KEY
  , SUBJECT_NAME     VARCHAR(50) NOT NULL
);

CREATE TABLE IF NOT EXISTS CLASSES
(
    CLASS_ID         VARCHAR(20)
  , CLASS_NAME       VARCHAR(50) NOT NULL
  , SUBJECT_ID       VARCHAR(20)
  , TEACHER_ID       VARCHAR(20)
  , CONSTRAINT FK_STAFF_SUBJ FOREIGN KEY(SUBJECT_ID) REFERENCES SUBJECTS(SUBJECT_ID)
  , CONSTRAINT FK_STAFF_STFF FOREIGN KEY(TEACHER_ID) REFERENCES STAFF(STAFF_ID)
  , CONSTRAINT PK_CLASSES PRIMARY KEY (CLASS_ID, CLASS_NAME, SUBJECT_ID)
);

CREATE TABLE IF NOT EXISTS STUDENTS (
    ID          VARCHAR(20) PRIMARY KEY,
    FIRST_NAME  VARCHAR(100) NOT NULL,
    LAST_NAME   VARCHAR(100) NOT NULL,
    GENDER      VARCHAR(10),
    AGE         INT CHECK (AGE > 0), -- Optional CHECK constraint for AGE
    DOB         DATE,
    -- GRADE     FLOAT,             -- Uncomment if needed
    -- IS_ACTIVE TINYINT(1),        -- Uncomment if needed
    CONSTRAINT CH_STUDENTS_AGE CHECK (AGE > 0)
);



CREATE TABLE IF NOT EXISTS STUDENT_CLASSES
(
    STUDENT_ID       VARCHAR(20)
  , CLASS_ID         VARCHAR(20)
  , CONSTRAINT UNQ_STDCLASS UNIQUE (STUDENT_ID, CLASS_ID)
  , FOREIGN KEY(STUDENT_ID) REFERENCES STUDENTS(ID)
);

CREATE TABLE IF NOT EXISTS PARENTS (
    ID          VARCHAR(20) PRIMARY KEY,
    FIRST_NAME  VARCHAR(100) NOT NULL,
    LAST_NAME   VARCHAR(100) NOT NULL,
    GENDER      VARCHAR(10),
    ADDRESS_ID  VARCHAR(20),
    CONSTRAINT CH_PARENTS CHECK (ID IS NOT NULL), -- Example CHECK constraint (replace with actual constraint if needed)
    CONSTRAINT FK_PARENTS_ADDR FOREIGN KEY (ADDRESS_ID) REFERENCES ADDRESS(ADDRESS_ID)
);


CREATE TABLE IF NOT EXISTS STUDENT_PARENT
(
    STUDENT_ID       VARCHAR(20)
  , PARENT_ID        VARCHAR(20)
  , CONSTRAINT UNQ_STDPARENT UNIQUE (STUDENT_ID, PARENT_ID)
  , FOREIGN KEY(STUDENT_ID) REFERENCES STUDENTS(ID)
  , FOREIGN KEY(PARENT_ID) REFERENCES PARENTS(ID)
);

--inserting values

INSERT INTO ADDRESS VALUES
    ('ADR1001','44940 Bluestem Circle','Baton Rouge','Louisiana','United States'),
    ('ADR1002','029 Kropf Point','Richmond','Virginia','United States'),
    ('ADR1003','96 Jay Road','Dallas','Texas','United States'),
    ('ADR1004','15 Harbort Lane','Roanoke','Virginia','United States'),
    ('ADR1005','3 Vermont Plaza','Atlanta','Georgia','United States'),
    ('ADR1006','55 Sycamore Trail','Seattle','Washington','United States'),
    ('ADR1007','6 Pearson Way','San Diego','California','United States'),
    ('ADR1008','71 Union Park','Rochester','New York','United States'),
    ('ADR1009','8 Roth Trail','Naples','Florida','United States'),
    ('ADR1010','0004 Redwing Circle','Houston','Texas','United States'),
    ('ADR1011','7588 Dakota Hill','Flushing','New York','United States'),
    ('ADR1012','72100 Red Cloud Center','Miami','Florida','United States'),
    ('ADR1013','31485 Dakota Parkway','Denver','Colorado','United States'),
    ('ADR1014','36 Nancy Crossing','Des Moines','Iowa','United States'),
    ('ADR1015','8 Old Gate Pass','Port Washington','New York','United States'),
    ('ADR1016','466 Spohn Pass','Raleigh','North Carolina','United States'),
    ('ADR1017','87 Steensland Park','Zephyrhills','Florida','United States'),
    ('ADR1018','1504 Washington Junction','Morgantown','West Virginia','United States'),
    ('ADR1019','693 Laurel Place','Atlanta','Georgia','United States'),
    ('ADR1020','87 Eastlawn Street','Sparks','Nevada','United States'),
    ('ADR1021','9712 Goodland Hill','Raleigh','North Carolina','United States'),
    ('ADR1022','753 Ruskin Circle','Detroit','Michigan','United States'),
    ('ADR1023','12 Pawling Center','Pittsburgh','Pennsylvania','United States'),
    ('ADR1024','85479 4th Center','Jackson','Mississippi','United States'),
    ('ADR1025','25725 Crownhardt Junction','Akron','Ohio','United States'),
    ('ADR1026','60288 Meadow Ridge Crossing','Santa Ana','California','United States'),
    ('ADR1027','39928 Coolidge Center','Duluth','Georgia','United States'),
    ('ADR1028','0 Washington Way','El Paso','Texas','United States'),
    ('ADR1029','0498 Lakewood Road','Hattiesburg','Mississippi','United States'),
    ('ADR1030','257 Warbler Center','Washington','District of Columbia','United States'),
    ('ADR1031','777 Scofield Hill','Atlanta','Georgia','United States'),
    ('ADR1032','5 Artisan Hill','Arlington','Texas','United States'),
    ('ADR1033','6737 Eastwood Crossing','Topeka','Kansas','United States'),
    ('ADR1034','906 Toban Road','Washington','District of Columbia','United States'),
    ('ADR1035','750 Del Sol Terrace','Saint Cloud','Minnesota','United States'),
    ('ADR1036','53709 Eggendart Hill','Palmdale','California','United States'),
    ('ADR1037','04350 Fordem Crossing','Honolulu','Hawaii','United States'),
    ('ADR1038','527 Victoria Plaza','Los Angeles','California','United States'),
    ('ADR1039','6 Mayer Circle','Young America','Minnesota','United States'),
    ('ADR1040','46619 4th Circle','Simi Valley','California','United States'),
    ('ADR1041','2 Donald Parkway','Portland','Oregon','United States'),
    ('ADR1042','5118 Tony Lane','Charlottesville','Virginia','United States'),
    ('ADR1043','83 Straubel Junction','Denver','Colorado','United States'),
    ('ADR1044','04840 Harper Plaza','Chattanooga','Tennessee','United States'),
    ('ADR1045','087 Laurel Junction','Los Angeles','California','United States'),
    ('ADR1046','1165 Packers Hill','El Paso','Texas','United States'),
    ('ADR1047','4 Rigney Alley','Trenton','New Jersey','United States'),
    ('ADR1048','61279 Milwaukee Trail','Dallas','Texas','United States'),
    ('ADR1049','8 Village Center','Boston','Massachusetts','United States'),
    ('ADR1050','9 Elka Crossing','Huntington','West Virginia','United States'),
    ('ADR1051','91236 Fallview Avenue','Columbus','Georgia','United States'),
    ('ADR1052','026 Walton Lane','Houston','Texas','United States'),
    ('ADR1053','8 Westend Terrace','Naperville','Illinois','United States'),
    ('ADR1054','88427 Saint Paul Way','Tampa','Florida','United States'),
    ('ADR1055','1 Buell Center','Corpus Christi','Texas','United States'),
    ('ADR1056','940 Hintze Junction','Charlotte','North Carolina','United States'),
    ('ADR1057','6 Mosinee Terrace','Monroe','Louisiana','United States'),
    ('ADR1058','9 Jana Street','Honolulu','Hawaii','United States'),
    ('ADR1059','65 Parkside Place','Atlanta','Georgia','United States'),
    ('ADR1060','6403 Karstens Pass','Oklahoma City','Oklahoma','United States'),
    ('ADR1061','99 Towne Park','Boulder','Colorado','United States'),
    ('ADR1062','73484 Garrison Drive','Memphis','Tennessee','United States'),
    ('ADR1063','7319 Grover Park','Tacoma','Washington','United States'),
    ('ADR1064','42948 Lighthouse Bay Circle','Aiken','South Carolina','United States'),
    ('ADR1065','73242 Eagle Crest Plaza','Austin','Texas','United States'),
    ('ADR1066','93 Dryden Avenue','Greensboro','North Carolina','United States'),
    ('ADR1067','5279 Bayside Court','Tulsa','Oklahoma','United States'),
    ('ADR1068','0 Bartillon Point','Boise','Idaho','United States'),
    ('ADR1069','6458 Charing Cross Center','Sterling','Virginia','United States'),
    ('ADR1070','002 Green Ridge Parkway','Columbia','South Carolina','United States'),
    ('ADR1071','69 Clyde Gallagher Court','Irvine','California','United States'),
    ('ADR1072','0718 Boyd Plaza','Winter Haven','Florida','United States'),
    ('ADR1073','90 Johnson Avenue','San Diego','California','United States'),
    ('ADR1074','88 Shopko Parkway','Miami','Florida','United States'),
    ('ADR1075','84 1st Circle','Worcester','Massachusetts','United States'),
    ('ADR1076','0 Iowa Parkway','Fullerton','California','United States'),
    ('ADR1077','52 Continental Plaza','Dayton','Ohio','United States'),
    ('ADR1078','89 Shasta Pass','Palmdale','California','United States'),
    ('ADR1079','327 John Wall Pass','Buffalo','New York','United States'),
    ('ADR1080','9737 Thierer Way','Chattanooga','Tennessee','United States'),
    ('ADR1081','7456 Mariners Cove Plaza','Grand Forks','North Dakota','United States'),
    ('ADR1082','9757 Red Cloud Hill','Sacramento','California','United States'),
    ('ADR1083','42 Logan Junction','Warren','Ohio','United States'),
    ('ADR1084','98010 Colorado Plaza','Erie','Pennsylvania','United States'),
    ('ADR1085','5 Fair Oaks Road','New York City','New York','United States'),
    ('ADR1086','49 Mcguire Lane','Mountain View','California','United States'),
    ('ADR1087','8 Sugar Circle','Chicago','Illinois','United States'),
    ('ADR1088','52 Hermina Place','Sacramento','California','United States'),
    ('ADR1089','97 Oneill Court','Wichita','Kansas','United States'),
    ('ADR1090','4591 Burning Wood Hill','Santa Barbara','California','United States'),
    ('ADR1091','78 Fordem Park','Santa Fe','New Mexico','United States'),
    ('ADR1092','03 Burrows Plaza','San Antonio','Texas','United States'),
    ('ADR1093','87881 Florence Lane','Tucson','Arizona','United States'),
    ('ADR1094','758 Randy Drive','Reno','Nevada','United States'),
    ('ADR1095','7 Del Mar Terrace','Toledo','Ohio','United States'),
    ('ADR1096','10 Stone Corner Terrace','Salt Lake City','Utah','United States'),
    ('ADR1097','9 Moland Lane','Clearwater','Florida','United States'),
    ('ADR1098','40 Glacier Hill Court','Kansas City','Kansas','United States'),
    ('ADR1099','69260 Novick Plaza','Cincinnati','Ohio','United States'),
    ('ADR1100','76 Prairie Rose Center','Philadelphia','Pennsylvania','United States'),
    ('ADR1101','2582 Sundown Parkway','Amarillo','Texas','United States'),
    ('ADR1102','02 Oakridge Avenue','Shawnee Mission','Kansas','United States'),
    ('ADR1103','70700 Arrowood Terrace','Nashville','Tennessee','United States'),
    ('ADR1104','838 Corben Plaza','Vancouver','Washington','United States'),
    ('ADR1105','5 Commercial Avenue','Richmond','Virginia','United States'),
    ('ADR1106','6 Paget Road','Chattanooga','Tennessee','United States'),
    ('ADR1107','86 Burrows Park','Sunnyvale','California','United States'),
    ('ADR1108','87673 Dottie Lane','Atlanta','Georgia','United States'),
    ('ADR1109','3559 Stuart Circle','Fort Wayne','Indiana','United States'),
    ('ADR1110','8 Utah Trail','San Diego','California','United States'),
    ('ADR1111','23 Meadow Vale Point','Boca Raton','Florida','United States'),
    ('ADR1112','9575 Dunning Alley','Hollywood','Florida','United States'),
    ('ADR1113','1061 Northport Road','Fort Lauderdale','Florida','United States'),
    ('ADR1114','08084 Sundown Circle','Erie','Pennsylvania','United States'),
    ('ADR1115','17 Muir Junction','Virginia Beach','Virginia','United States'),
    ('ADR1116','58 Jay Trail','San Francisco','California','United States'),
    ('ADR1117','9 International Point','Akron','Ohio','United States'),
    ('ADR1118','78 Messerschmidt Street','Los Angeles','California','United States'),
    ('ADR1119','8975 Hallows Street','Macon','Georgia','United States'),
    ('ADR1120','7491 Clyde Gallagher Way','Lake Worth','Florida','United States'),
    ('ADR1121','9 Troy Trail','San Antonio','Texas','United States'),
    ('ADR1122','2 5th Terrace','Lansing','Michigan','United States'),
    ('ADR1123','450 Ronald Regan Plaza','El Paso','Texas','United States'),
    ('ADR1124','9 Saint Paul Pass','Washington','District of Columbia','United States'),
    ('ADR1125','58662 Hagan Terrace','Houston','Texas','United States'),
    ('ADR1126','20 Clyde Gallagher Avenue','El Paso','Texas','United States'),
    ('ADR1127','499 Orin Point','Houston','Texas','United States'),
    ('ADR1128','1028 Meadow Valley Plaza','Honolulu','Hawaii','United States'),
    ('ADR1129','24 Pankratz Road','Tulsa','Oklahoma','United States'),
    ('ADR1130','620 Summerview Crossing','Pensacola','Florida','United States'),
    ('ADR1131','95 Barnett Alley','Miami','Florida','United States'),
    ('ADR1132','11917 Marquette Park','Charlottesville','Virginia','United States'),
    ('ADR1133','187 Prentice Place','Tucson','Arizona','United States'),
    ('ADR1134','38 Hanover Road','Cleveland','Ohio','United States'),
    ('ADR1135','1 Anniversary Hill','Trenton','New Jersey','United States'),
    ('ADR1136','33 Dawn Center','Rochester','New York','United States'),
    ('ADR1137','822 Anzinger Alley','Greenville','South Carolina','United States'),
    ('ADR1138','3369 Stuart Alley','Littleton','Colorado','United States'),
    ('ADR1139','2 Alpine Plaza','Waterbury','Connecticut','United States'),
    ('ADR1140','275 Gina Center','Buffalo','New York','United States'),
    ('ADR1141','65067 Spaight Alley','Amarillo','Texas','United States'),
    ('ADR1142','04 Maple Court','Des Moines','Iowa','United States'),
    ('ADR1143','416 Loomis Way','Cincinnati','Ohio','United States'),
    ('ADR1144','34 Arkansas Center','Juneau','Alaska','United States'),
    ('ADR1145','09319 Spohn Lane','Lakewood','Washington','United States'),
    ('ADR1146','767 Stoughton Way','Nashville','Tennessee','United States'),
    ('ADR1147','9 Mitchell Court','Fort Wayne','Indiana','United States'),
    ('ADR1148','33292 Hollow Ridge Crossing','San Antonio','Texas','United States'),
    ('ADR1149','37 Morning Pass','Columbus','Georgia','United States'),
    ('ADR1150','83 Messerschmidt Hill','Baltimore','Maryland','United States'),
    ('ADR1151','568 Dwight Place','Pasadena','California','United States'),
    ('ADR1152','69133 Kedzie Center','Evansville','Indiana','United States'),
    ('ADR1153','04 Meadow Ridge Pass','Birmingham','Alabama','United States'),
    ('ADR1154','94129 Wayridge Road','New York City','New York','United States'),
    ('ADR1155','80 Twin Pines Terrace','Lincoln','Nebraska','United States'),
    ('ADR1156','2264 Portage Crossing','Sacramento','California','United States'),
    ('ADR1157','39 Logan Plaza','Burbank','California','United States'),
    ('ADR1158','8 Helena Road','Nashville','Tennessee','United States'),
    ('ADR1159','2489 Sundown Center','Newark','New Jersey','United States'),
    ('ADR1160','160 Elka Road','Athens','Georgia','United States'),
    ('ADR1161','4122 Southridge Drive','Fort Wayne','Indiana','United States'),
    ('ADR1162','87 Cordelia Circle','Rochester','New York','United States'),
    ('ADR1163','2970 Merry Hill','Norfolk','Virginia','United States'),
    ('ADR1164','560 Drewry Alley','Albuquerque','New Mexico','United States'),
    ('ADR1165','8 Londonderry Avenue','Des Moines','Iowa','United States'),
    ('ADR1166','09068 Marcy Alley','Lake Charles','Louisiana','United States'),
    ('ADR1167','22230 Sundown Junction','Newark','New Jersey','United States'),
    ('ADR1168','6053 Red Cloud Center','El Paso','Texas','United States'),
    ('ADR1169','0492 Iowa Pass','Sacramento','California','United States'),
    ('ADR1170','14839 Gale Circle','Omaha','Nebraska','United States'),
    ('ADR1171','8 Washington Parkway','Cedar Rapids','Iowa','United States'),
    ('ADR1172','488 Mandrake Drive','Hattiesburg','Mississippi','United States'),
    ('ADR1173','18843 Dexter Street','Abilene','Texas','United States'),
    ('ADR1174','18681 Sage Plaza','Atlanta','Georgia','United States'),
    ('ADR1175','1 Ilene Crossing','Atlanta','Georgia','United States'),
    ('ADR1176','41 Village Plaza','Seminole','Florida','United States'),
    ('ADR1177','12 7th Avenue','Memphis','Tennessee','United States'),
    ('ADR1178','8 Florence Alley','Panama City','Florida','United States'),
    ('ADR1179','6210 Veith Court','Colorado Springs','Colorado','United States'),
    ('ADR1180','4 Glacier Hill Avenue','Colorado Springs','Colorado','United States'),
    ('ADR1181','89 Sauthoff Alley','Panama City','Florida','United States'),
    ('ADR1182','53 North Hill','Pasadena','California','United States'),
    ('ADR1183','63922 Graedel Circle','Charlotte','North Carolina','United States'),
    ('ADR1184','948 Annamark Street','Glendale','California','United States'),
    ('ADR1185','82900 Pierstorff Pass','El Paso','Texas','United States'),
    ('ADR1186','9491 Vernon Road','Sacramento','California','United States'),
    ('ADR1187','807 Evergreen Terrace','Fort Myers','Florida','United States'),
    ('ADR1188','07 Anhalt Road','Houston','Texas','United States'),
    ('ADR1189','8 Roxbury Terrace','Midland','Texas','United States'),
    ('ADR1190','23 Waywood Place','Arlington','Virginia','United States'),
    ('ADR1191','555 Mccormick Terrace','Cedar Rapids','Iowa','United States'),
    ('ADR1192','40652 Becker Avenue','Tampa','Florida','United States'),
    ('ADR1193','635 Schurz Center','Erie','Pennsylvania','United States'),
    ('ADR1194','36 Old Gate Plaza','Dayton','Ohio','United States'),
    ('ADR1195','1858 Trailsway Street','El Paso','Texas','United States'),
    ('ADR1196','11 Grayhawk Park','Corpus Christi','Texas','United States'),
    ('ADR1197','26025 Hazelcrest Street','Birmingham','Alabama','United States'),
    ('ADR1198','568 Myrtle Lane','Detroit','Michigan','United States'),
    ('ADR1199','72387 Susan Point','Amarillo','Texas','United States'),
    ('ADR1200','37 Memorial Parkway','Des Moines','Iowa','United States'),
    ('ADR1201','1909 Onsgard Lane','Round Rock','Texas','United States'),
    ('ADR1202','230 Rusk Plaza','Corona','California','United States'),
    ('ADR1203','5631 Kipling Park','New Haven','Connecticut','United States'),
    ('ADR1204','820 Schurz Road','Cincinnati','Ohio','United States'),
    ('ADR1205','5 Valley Edge Road','Washington','District of Columbia','United States'),
    ('ADR1206','212 Bowman Circle','Pueblo','Colorado','United States'),
    ('ADR1207','313 Crescent Oaks Trail','Lincoln','Nebraska','United States'),
    ('ADR1208','8 Roth Crossing','Nashville','Tennessee','United States'),
    ('ADR1209','13855 Chinook Place','Bridgeport','Connecticut','United States'),
    ('ADR1210','8 Schurz Park','Abilene','Texas','United States'),
    ('ADR1211','76199 Atwood Drive','Texarkana','Texas','United States'),
    ('ADR1212','428 Magdeline Lane','Houston','Texas','United States'),
    ('ADR1213','76 Caliangt Point','Youngstown','Ohio','United States'),
    ('ADR1214','6 Stoughton Trail','Denver','Colorado','United States'),
    ('ADR1215','1 Melrose Lane','Nashville','Tennessee','United States'),
    ('ADR1216','7 Summerview Place','Washington','District of Columbia','United States'),
    ('ADR1217','12 Linden Center','Gainesville','Florida','United States'),
    ('ADR1218','783 Sunbrook Terrace','Washington','District of Columbia','United States'),
    ('ADR1219','2 Westridge Trail','Yakima','Washington','United States'),
    ('ADR1220','4912 Eliot Lane','Cleveland','Ohio','United States'),
    ('ADR1221','88985 Division Alley','New Haven','Connecticut','United States'),
    ('ADR1222','9672 Bashford Alley','Baltimore','Maryland','United States'),
    ('ADR1223','42 Esker Drive','Denver','Colorado','United States'),
    ('ADR1224','23 Thierer Parkway','Alhambra','California','United States'),
    ('ADR1225','52 Cambridge Junction','Houston','Texas','United States'),
    ('ADR1226','1 Northfield Lane','Dayton','Ohio','United States'),
    ('ADR1227','22 Artisan Crossing','Columbia','South Carolina','United States'),
    ('ADR1228','5182 Monterey Plaza','Springfield','Ohio','United States'),
    ('ADR1229','54 Hanover Alley','Sacramento','California','United States'),
    ('ADR1230','83504 Bartillon Lane','Phoenix','Arizona','United States'),
    ('ADR1231','13 Duke Park','Cincinnati','Ohio','United States'),
    ('ADR1232','78 Farragut Road','Dayton','Ohio','United States'),
    ('ADR1233','7757 Forest Run Place','Silver Spring','Maryland','United States'),
    ('ADR1234','2 South Hill','Pasadena','California','United States'),
    ('ADR1235','3219 Buhler Parkway','Little Rock','Arkansas','United States'),
    ('ADR1236','6826 Bunting Court','Biloxi','Mississippi','United States'),
    ('ADR1237','6 Londonderry Junction','Greensboro','North Carolina','United States'),
    ('ADR1238','48 Carberry Street','Fort Myers','Florida','United States'),
    ('ADR1239','4506 Melrose Street','Modesto','California','United States'),
    ('ADR1240','482 Clyde Gallagher Center','Saint Paul','Minnesota','United States'),
    ('ADR1241','484 Donald Avenue','Cincinnati','Ohio','United States'),
    ('ADR1242','4 Katie Court','San Francisco','California','United States'),
    ('ADR1243','4778 Vera Pass','Honolulu','Hawaii','United States'),
    ('ADR1244','5669 Melby Trail','Washington','District of Columbia','United States'),
    ('ADR1245','9 Caliangt Plaza','Houston','Texas','United States'),
    ('ADR1246','55 Novick Alley','Tampa','Florida','United States'),
    ('ADR1247','0308 West Street','Alexandria','Virginia','United States'),
    ('ADR1248','56456 Sullivan Court','Erie','Pennsylvania','United States'),
    ('ADR1249','68 7th Trail','Monticello','Minnesota','United States'),
    ('ADR1250','865 Kim Way','Los Angeles','California','United States');


    INSERT INTO ADDRESS VALUES
    ('ADR1251','11 American Crossing','San Antonio','Texas','United States'),
    ('ADR1252','3247 Waywood Alley','Birmingham','Alabama','United States'),
    ('ADR1253','58562 Menomonie Place','Vancouver','Washington','United States'),
    ('ADR1254','9 Badeau Street','Washington','District of Columbia','United States'),
    ('ADR1255','095 Huxley Terrace','Dallas','Texas','United States'),
    ('ADR1256','47 Pawling Junction','Bradenton','Florida','United States'),
    ('ADR1257','74936 Chinook Alley','Young America','Minnesota','United States'),
    ('ADR1258','470 Homewood Trail','Ocala','Florida','United States'),
    ('ADR1259','40 Darwin Park','Ann Arbor','Michigan','United States'),
    ('ADR1260','279 International Street','Boston','Massachusetts','United States'),
    ('ADR1261','91737 Morning Terrace','New York City','New York','United States'),
    ('ADR1262','43176 2nd Center','Mobile','Alabama','United States'),
    ('ADR1263','0 Warrior Drive','Columbus','Georgia','United States'),
    ('ADR1264','520 Arrowood Circle','Springfield','Massachusetts','United States'),
    ('ADR1265','4152 Fremont Parkway','Boston','Massachusetts','United States'),
    ('ADR1266','15 Helena Street','Raleigh','North Carolina','United States'),
    ('ADR1267','980 Aberg Way','Tampa','Florida','United States'),
    ('ADR1268','0189 Mifflin Hill','Huntington','West Virginia','United States'),
    ('ADR1269','87 Park Meadow Center','Boston','Massachusetts','United States'),
    ('ADR1270','4 Meadow Vale Street','Lafayette','Indiana','United States'),
    ('ADR1271','223 Manitowish Court','Memphis','Tennessee','United States'),
    ('ADR1272','5 North Road','Newport Beach','California','United States'),
    ('ADR1273','9 Forest Run Terrace','Galveston','Texas','United States'),
    ('ADR1274','7 Carioca Drive','Baltimore','Maryland','United States'),
    ('ADR1275','7 Havey Circle','Lexington','Kentucky','United States'),
    ('ADR1276','47 High Crossing Junction','Augusta','Georgia','United States'),
    ('ADR1277','80054 Spohn Circle','Peoria','Illinois','United States'),
    ('ADR1278','2 Dixon Alley','El Paso','Texas','United States'),
    ('ADR1279','24754 Brentwood Trail','Gilbert','Arizona','United States'),
    ('ADR1280','988 Helena Place','Simi Valley','California','United States'),
    ('ADR1281','77612 Golden Leaf Plaza','Decatur','Georgia','United States'),
    ('ADR1282','415 Longview Street','Wilmington','Delaware','United States'),
    ('ADR1283','62 Meadow Vale Pass','New Orleans','Louisiana','United States'),
    ('ADR1284','2223 Rigney Terrace','Saint Louis','Missouri','United States'),
    ('ADR1285','9512 Amoth Parkway','Tulsa','Oklahoma','United States'),
    ('ADR1286','6 South Way','Charlotte','North Carolina','United States'),
    ('ADR1287','47 Reinke Junction','Dallas','Texas','United States'),
    ('ADR1288','7 Corry Road','Charleston','West Virginia','United States'),
    ('ADR1289','213 Bunting Street','Savannah','Georgia','United States'),
    ('ADR1290','1 Vernon Terrace','Lakeland','Florida','United States'),
    ('ADR1291','8234 Superior Point','Memphis','Tennessee','United States'),
    ('ADR1292','25393 Sundown Junction','Cleveland','Ohio','United States'),
    ('ADR1293','72195 Loftsgordon Trail','Valdosta','Georgia','United States'),
    ('ADR1294','4 Mayfield Crossing','Jackson','Tennessee','United States'),
    ('ADR1295','1407 Sutteridge Street','Winston Salem','North Carolina','United States'),
    ('ADR1296','008 Dahle Place','Fort Lauderdale','Florida','United States'),
    ('ADR1297','12083 Hintze Drive','Lexington','Kentucky','United States'),
    ('ADR1298','3 Vera Alley','Palatine','Illinois','United States'),
    ('ADR1299','3422 International Crossing','Alpharetta','Georgia','United States'),
    ('ADR1300','14461 Hanover Way','Huntsville','Alabama','United States'),
    ('ADR1301','19 Hagan Trail','Philadelphia','Pennsylvania','United States'),
    ('ADR1302','546 Oneill Pass','Laurel','Maryland','United States'),
    ('ADR1303','0 Gina Parkway','San Diego','California','United States'),
    ('ADR1304','90 Sommers Plaza','Olympia','Washington','United States'),
    ('ADR1305','56 Colorado Terrace','Winston Salem','North Carolina','United States'),
    ('ADR1306','7929 Judy Pass','Baltimore','Maryland','United States'),
    ('ADR1307','81 Boyd Drive','Tampa','Florida','United States'),
    ('ADR1308','0 Chinook Point','Metairie','Louisiana','United States'),
    ('ADR1309','31 Fair Oaks Court','Phoenix','Arizona','United States'),
    ('ADR1310','15786 Clarendon Court','New York City','New York','United States'),
    ('ADR1311','9 Village Circle','North Little Rock','Arkansas','United States'),
    ('ADR1312','77664 Transport Point','Tucson','Arizona','United States'),
    ('ADR1313','97571 Raven Court','Cleveland','Ohio','United States'),
    ('ADR1314','11 Carpenter Junction','Reno','Nevada','United States'),
    ('ADR1315','5176 Westerfield Lane','Houston','Texas','United States'),
    ('ADR1316','5 Ohio Center','Brooklyn','New York','United States'),
    ('ADR1317','130 Morrow Street','Springfield','Illinois','United States'),
    ('ADR1318','05 Arizona Pass','Austin','Texas','United States'),
    ('ADR1319','86 Center Circle','Saint Paul','Minnesota','United States'),
    ('ADR1320','3 Hudson Crossing','Columbia','Missouri','United States'),
    ('ADR1321','9232 Lakewood Place','North Port','Florida','United States'),
    ('ADR1322','23326 Lakewood Gardens Junction','Kansas City','Missouri','United States'),
    ('ADR1323','6081 Lindbergh Avenue','Nashville','Tennessee','United States'),
    ('ADR1324','094 Morning Parkway','Minneapolis','Minnesota','United States'),
    ('ADR1325','13 Kennedy Plaza','Wichita','Kansas','United States'),
    ('ADR1326','765 Parkside Hill','Wichita','Kansas','United States'),
    ('ADR1327','44 Iowa Place','Washington','District of Columbia','United States'),
    ('ADR1328','68577 Annamark Road','Van Nuys','California','United States'),
    ('ADR1329','0525 Westport Parkway','Winston Salem','North Carolina','United States'),
    ('ADR1330','8414 Algoma Court','Brooklyn','New York','United States'),
    ('ADR1331','8 Cherokee Hill','Orange','California','United States'),
    ('ADR1332','3 Butternut Avenue','Alpharetta','Georgia','United States'),
    ('ADR1333','87237 Clyde Gallagher Crossing','San Antonio','Texas','United States'),
    ('ADR1334','17 Monica Plaza','Saint Petersburg','Florida','United States'),
    ('ADR1335','40 Superior Hill','Garden Grove','California','United States'),
    ('ADR1336','2932 Randy Center','Topeka','Kansas','United States'),
    ('ADR1337','60 Killdeer Court','Richmond','Virginia','United States'),
    ('ADR1338','3 Cherokee Road','Jacksonville','Florida','United States'),
    ('ADR1339','95690 Farmco Trail','Wichita','Kansas','United States'),
    ('ADR1340','2 Brickson Park Circle','Seattle','Washington','United States'),
    ('ADR1341','1 Birchwood Trail','Huntsville','Alabama','United States'),
    ('ADR1342','6 Comanche Plaza','Richmond','Virginia','United States'),
    ('ADR1343','46753 Ridgeway Street','Winter Haven','Florida','United States'),
    ('ADR1344','3 Rutledge Lane','Washington','District of Columbia','United States'),
    ('ADR1345','69698 Straubel Junction','Washington','District of Columbia','United States'),
    ('ADR1346','0 Victoria Plaza','Saint Louis','Missouri','United States'),
    ('ADR1347','2 Schmedeman Terrace','Albuquerque','New Mexico','United States'),
    ('ADR1348','3370 8th Terrace','Houston','Texas','United States'),
    ('ADR1349','525 Bartelt Trail','Columbia','South Carolina','United States'),
    ('ADR1350','6 Holy Cross Terrace','Nashville','Tennessee','United States'),
    ('ADR1351','24 Waubesa Lane','Mobile','Alabama','United States'),
    ('ADR1352','886 Debra Junction','Amarillo','Texas','United States'),
    ('ADR1353','2 Calypso Place','Roanoke','Virginia','United States'),
    ('ADR1354','71 Anthes Hill','Mobile','Alabama','United States'),
    ('ADR1355','900 Caliangt Hill','Denver','Colorado','United States'),
    ('ADR1356','769 Summit Court','Springfield','Illinois','United States'),
    ('ADR1357','43 Rutledge Plaza','Austin','Texas','United States'),
    ('ADR1358','19 Hintze Hill','Chicago','Illinois','United States'),
    ('ADR1359','8 East Alley','Albuquerque','New Mexico','United States'),
    ('ADR1360','9774 Westridge Terrace','Rochester','New York','United States'),
    ('ADR1361','31352 Veith Court','San Jose','California','United States'),
    ('ADR1362','6 Graceland Hill','New York City','New York','United States'),
    ('ADR1363','664 Mariners Cove Parkway','Dearborn','Michigan','United States'),
    ('ADR1364','1775 Maryland Circle','Oxnard','California','United States'),
    ('ADR1365','851 Meadow Valley Trail','Birmingham','Alabama','United States'),
    ('ADR1366','4118 Old Shore Pass','Washington','District of Columbia','United States'),
    ('ADR1367','6800 Troy Alley','Tacoma','Washington','United States'),
    ('ADR1368','28 Northland Trail','Indianapolis','Indiana','United States'),
    ('ADR1369','0 Sundown Trail','Miami Beach','Florida','United States'),
    ('ADR1370','9722 Loomis Center','North Hollywood','California','United States'),
    ('ADR1371','039 Hooker Point','New Orleans','Louisiana','United States'),
    ('ADR1372','641 Golf View Hill','Yakima','Washington','United States'),
    ('ADR1373','228 Forest Dale Pass','Pompano Beach','Florida','United States'),
    ('ADR1374','4 Crownhardt Plaza','Raleigh','North Carolina','United States'),
    ('ADR1375','8 Del Sol Lane','Lafayette','Louisiana','United States'),
    ('ADR1376','91 Blue Bill Park Hill','North Little Rock','Arkansas','United States'),
    ('ADR1377','38 Hagan Circle','Dayton','Ohio','United States'),
    ('ADR1378','70901 Merry Circle','Kansas City','Missouri','United States'),
    ('ADR1379','91397 Northview Way','Hartford','Connecticut','United States'),
    ('ADR1380','2579 Merry Circle','Washington','District of Columbia','United States'),
    ('ADR1381','8403 Rusk Avenue','Albany','New York','United States'),
    ('ADR1382','3 Arrowood Alley','San Francisco','California','United States'),
    ('ADR1383','375 Redwing Way','Chicago','Illinois','United States'),
    ('ADR1384','01 Arapahoe Junction','New York City','New York','United States'),
    ('ADR1385','961 Spenser Junction','Lafayette','Louisiana','United States'),
    ('ADR1386','7 Basil Lane','Beaverton','Oregon','United States'),
    ('ADR1387','12651 Calypso Point','Louisville','Kentucky','United States'),
    ('ADR1388','696 Summer Ridge Plaza','Las Vegas','Nevada','United States'),
    ('ADR1389','55 Thierer Way','El Paso','Texas','United States'),
    ('ADR1390','64206 Hansons Parkway','San Antonio','Texas','United States'),
    ('ADR1391','07 Golf Drive','Detroit','Michigan','United States'),
    ('ADR1392','2225 Eliot Terrace','Jackson','Mississippi','United States'),
    ('ADR1393','1807 Dawn Alley','Cincinnati','Ohio','United States'),
    ('ADR1394','214 Talmadge Crossing','Amarillo','Texas','United States'),
    ('ADR1395','52 Jackson Junction','Miami','Florida','United States'),
    ('ADR1396','9842 Di Loreto Junction','Jacksonville','Florida','United States'),
    ('ADR1397','44 Clemons Lane','Jacksonville','Florida','United States'),
    ('ADR1398','0815 Vahlen Crossing','Lexington','Kentucky','United States'),
    ('ADR1399','91 Dayton Way','Sioux Falls','South Dakota','United States'),
    ('ADR1400','59 Eagle Crest Plaza','Tucson','Arizona','United States'),
    ('ADR1401','216 Ronald Regan Junction','Springfield','Massachusetts','United States'),
    ('ADR1402','8 Rigney Terrace','Phoenix','Arizona','United States'),
    ('ADR1403','60 Loomis Crossing','Austin','Texas','United States'),
    ('ADR1404','7145 Valley Edge Road','Independence','Missouri','United States'),
    ('ADR1405','87 Stone Corner Plaza','Saginaw','Michigan','United States'),
    ('ADR1406','7 Fair Oaks Plaza','Fort Worth','Texas','United States'),
    ('ADR1407','53900 Cody Pass','Fort Wayne','Indiana','United States'),
    ('ADR1408','23774 Tennessee Street','Washington','District of Columbia','United States'),
    ('ADR1409','4 Warner Place','Roanoke','Virginia','United States'),
    ('ADR1410','464 Brickson Park Park','Portland','Oregon','United States'),
    ('ADR1411','987 Division Way','Arlington','Texas','United States'),
    ('ADR1412','05 Steensland Court','Houston','Texas','United States'),
    ('ADR1413','944 Portage Street','Albany','New York','United States'),
    ('ADR1414','143 Northport Street','Fresno','California','United States'),
    ('ADR1415','6177 Swallow Center','Kansas City','Missouri','United States'),
    ('ADR1416','74531 Hansons Plaza','Washington','District of Columbia','United States'),
    ('ADR1417','4083 Lillian Court','Lakeland','Florida','United States'),
    ('ADR1418','7899 Duke Alley','Kansas City','Missouri','United States'),
    ('ADR1419','6 Manley Pass','Shawnee Mission','Kansas','United States'),
    ('ADR1420','24788 Dawn Way','San Francisco','California','United States'),
    ('ADR1421','443 Clarendon Place','Columbia','South Carolina','United States'),
    ('ADR1422','28390 Kim Way','Colorado Springs','Colorado','United States'),
    ('ADR1423','61354 Village Green Parkway','Sioux Falls','South Dakota','United States'),
    ('ADR1424','5 Rigney Drive','Cincinnati','Ohio','United States'),
    ('ADR1425','9 Nancy Hill','Dayton','Ohio','United States'),
    ('ADR1426','4 Maple Trail','Bakersfield','California','United States'),
    ('ADR1427','124 Becker Street','Brooklyn','New York','United States'),
    ('ADR1428','3 Farragut Place','Sacramento','California','United States'),
    ('ADR1429','6350 Superior Plaza','Sarasota','Florida','United States'),
    ('ADR1430','514 Susan Place','Washington','District of Columbia','United States'),
    ('ADR1431','519 Washington Hill','Pasadena','California','United States'),
    ('ADR1432','410 Crowley Drive','Mobile','Alabama','United States'),
    ('ADR1433','04 Blue Bill Park Way','Reading','Pennsylvania','United States'),
    ('ADR1434','08364 Lighthouse Bay Plaza','Port Washington','New York','United States'),
    ('ADR1435','7 Shopko Plaza','Harrisburg','Pennsylvania','United States'),
    ('ADR1436','9136 Bunting Circle','Sacramento','California','United States'),
    ('ADR1437','04784 Clemons Court','Cedar Rapids','Iowa','United States'),
    ('ADR1438','436 Thompson Lane','Huntington','West Virginia','United States'),
    ('ADR1439','41 Armistice Terrace','Sacramento','California','United States'),
    ('ADR1440','9 Acker Crossing','Arlington','Virginia','United States'),
    ('ADR1441','38803 Saint Paul Circle','Vienna','Virginia','United States'),
    ('ADR1442','3 Rutledge Drive','Lubbock','Texas','United States'),
    ('ADR1443','83988 Gale Avenue','Cincinnati','Ohio','United States'),
    ('ADR1444','38523 Macpherson Trail','New York City','New York','United States'),
    ('ADR1445','723 Mesta Avenue','Sandy','Utah','United States'),
    ('ADR1446','5 Dawn Terrace','Las Vegas','Nevada','United States'),
    ('ADR1447','55020 Troy Pass','Waterbury','Connecticut','United States'),
    ('ADR1448','40835 Dexter Drive','Denton','Texas','United States'),
    ('ADR1449','7556 Mitchell Point','Boston','Massachusetts','United States'),
    ('ADR1450','08 Garrison Circle','San Diego','California','United States'),
    ('ADR1451','2 Saint Paul Parkway','Santa Barbara','California','United States'),
    ('ADR1452','15 Maywood Parkway','Austin','Texas','United States'),
    ('ADR1453','19266 Park Meadow Hill','Inglewood','California','United States'),
    ('ADR1454','4 Memorial Plaza','Shreveport','Louisiana','United States'),
    ('ADR1455','5 Old Gate Avenue','Charlotte','North Carolina','United States'),
    ('ADR1456','98911 Lerdahl Trail','Modesto','California','United States'),
    ('ADR1457','955 Logan Drive','Albany','New York','United States'),
    ('ADR1458','51343 Continental Trail','Mobile','Alabama','United States'),
    ('ADR1459','19 School Terrace','Mesa','Arizona','United States'),
    ('ADR1460','79 Schlimgen Drive','Indianapolis','Indiana','United States'),
    ('ADR1461','54 Daystar Pass','Birmingham','Alabama','United States'),
    ('ADR1462','691 Thierer Drive','Nashville','Tennessee','United States'),
    ('ADR1463','17141 North Park','Atlanta','Georgia','United States'),
    ('ADR1464','1 Crest Line Trail','Rockford','Illinois','United States'),
    ('ADR1465','799 Badeau Parkway','Birmingham','Alabama','United States'),
    ('ADR1466','6230 Mosinee Street','Trenton','New Jersey','United States'),
    ('ADR1467','2449 Summit Drive','Johnstown','Pennsylvania','United States'),
    ('ADR1468','0 Oriole Trail','Tampa','Florida','United States'),
    ('ADR1469','4 Oakridge Lane','Anchorage','Alaska','United States'),
    ('ADR1470','280 Vermont Avenue','Charlotte','North Carolina','United States'),
    ('ADR1471','7 Kedzie Alley','Miami','Florida','United States'),
    ('ADR1472','243 Continental Lane','Lubbock','Texas','United States'),
    ('ADR1473','97508 Sherman Terrace','Huntington','West Virginia','United States'),
    ('ADR1474','7914 Old Gate Trail','Champaign','Illinois','United States'),
    ('ADR1475','28436 Logan Road','San Francisco','California','United States'),
    ('ADR1476','65 Del Sol Trail','Montgomery','Alabama','United States'),
    ('ADR1477','38 Knutson Court','Greensboro','North Carolina','United States'),
    ('ADR1478','7229 Loeprich Park','Murfreesboro','Tennessee','United States'),
    ('ADR1479','90051 Carpenter Avenue','Huntsville','Alabama','United States'),
    ('ADR1480','0 Sundown Court','Bethesda','Maryland','United States'),
    ('ADR1481','9202 Butterfield Place','Portland','Oregon','United States'),
    ('ADR1482','6324 Fallview Hill','San Jose','California','United States'),
    ('ADR1483','2716 Nelson Court','Albany','New York','United States'),
    ('ADR1484','6486 Gateway Drive','Provo','Utah','United States'),
    ('ADR1485','919 Carey Lane','Cleveland','Ohio','United States'),
    ('ADR1486','49 Steensland Place','Seattle','Washington','United States'),
    ('ADR1487','7009 Claremont Street','New York City','New York','United States'),
    ('ADR1488','25135 Village Green Point','Miami','Florida','United States'),
    ('ADR1489','75 Ridge Oak Pass','Sacramento','California','United States'),
    ('ADR1490','0 Drewry Avenue','South Bend','Indiana','United States'),
    ('ADR1491','413 Gina Park','Green Bay','Wisconsin','United States'),
    ('ADR1492','60677 Hermina Point','Athens','Georgia','United States'),
    ('ADR1493','9 Nova Drive','Cleveland','Ohio','United States'),
    ('ADR1494','67 Mayer Pass','Fort Worth','Texas','United States'),
    ('ADR1495','85000 Oakridge Junction','Chicago','Illinois','United States'),
    ('ADR1496','710 Carioca Drive','El Paso','Texas','United States'),
    ('ADR1497','925 Vernon Alley','Lubbock','Texas','United States'),
    ('ADR1498','8791 Lakeland Avenue','Cleveland','Ohio','United States'),
    ('ADR1499','3 Swallow Avenue','Vienna','Virginia','United States'),
    ('ADR1500','22503 Lakewood Gardens Terrace','Grand Rapids','Michigan','United States');
INSERT INTO ADDRESS VALUES
    ('ADR1501','1 Valley Edge Trail','Omaha','Nebraska','United States'),
    ('ADR1502','270 Vernon Drive','Charlotte','North Carolina','United States'),
    ('ADR1503','7 Harbort Court','San Antonio','Texas','United States'),
    ('ADR1504','193 Summit Point','Amarillo','Texas','United States'),
    ('ADR1505','2 Johnson Lane','Boston','Massachusetts','United States'),
    ('ADR1506','97212 Fieldstone Junction','Tampa','Florida','United States'),
    ('ADR1507','99 Kipling Way','Fargo','North Dakota','United States'),
    ('ADR1508','53582 Huxley Point','Roanoke','Virginia','United States'),
    ('ADR1509','55103 Roxbury Trail','Lincoln','Nebraska','United States'),
    ('ADR1510','39172 Vera Junction','Anderson','Indiana','United States'),
    ('ADR1511','5 South Terrace','Garden Grove','California','United States'),
    ('ADR1512','0017 Main Crossing','Atlanta','Georgia','United States'),
    ('ADR1513','14071 Warbler Point','Anderson','South Carolina','United States'),
    ('ADR1514','1391 Cardinal Terrace','Jamaica','New York','United States'),
    ('ADR1515','7 Coleman Avenue','Buffalo','New York','United States'),
    ('ADR1516','4047 Nova Road','Richmond','Virginia','United States'),
    ('ADR1517','669 Hooker Terrace','Peoria','Illinois','United States'),
    ('ADR1518','0 Old Gate Way','Peoria','Illinois','United States'),
    ('ADR1519','4 Mariners Cove Road','Austin','Texas','United States'),
    ('ADR1520','4322 Fieldstone Court','Stockton','California','United States'),
    ('ADR1521','541 Mayer Avenue','Saint Louis','Missouri','United States'),
    ('ADR1522','699 Schiller Pass','Washington','District of Columbia','United States'),
    ('ADR1523','4155 Rieder Parkway','Amarillo','Texas','United States'),
    ('ADR1524','3 Corscot Alley','Great Neck','New York','United States'),
    ('ADR1525','805 Old Shore Junction','Saint Joseph','Missouri','United States'),
    ('ADR1526','3 Huxley Plaza','Nashville','Tennessee','United States'),
    ('ADR1527','88 Kingsford Terrace','Washington','District of Columbia','United States'),
    ('ADR1528','874 Nobel Street','Schenectady','New York','United States'),
    ('ADR1529','98 Eastlawn Lane','Boston','Massachusetts','United States'),
    ('ADR1530','15962 Mariners Cove Point','Billings','Montana','United States'),
    ('ADR1531','9922 Mallard Hill','San Antonio','Texas','United States'),
    ('ADR1532','6008 Victoria Terrace','Baltimore','Maryland','United States'),
    ('ADR1533','05998 Shasta Place','Naperville','Illinois','United States'),
    ('ADR1534','37 Crescent Oaks Plaza','Albuquerque','New Mexico','United States'),
    ('ADR1535','55 Mandrake Avenue','Lincoln','Nebraska','United States'),
    ('ADR1536','80 Marcy Junction','Salt Lake City','Utah','United States'),
    ('ADR1537','697 Sauthoff Center','Mesquite','Texas','United States'),
    ('ADR1538','9812 Morningstar Park','Charlotte','North Carolina','United States'),
    ('ADR1539','8 Bluejay Drive','San Antonio','Texas','United States'),
    ('ADR1540','19 Kingsford Alley','Brooklyn','New York','United States'),
    ('ADR1541','70 Jana Parkway','Hialeah','Florida','United States'),
    ('ADR1542','33 Northport Center','Seattle','Washington','United States'),
    ('ADR1543','57 Basil Road','Erie','Pennsylvania','United States'),
    ('ADR1544','9307 Vera Crossing','Saint Joseph','Missouri','United States'),
    ('ADR1545','56 Russell Parkway','Flint','Michigan','United States'),
    ('ADR1546','327 Bonner Center','Peoria','Illinois','United States'),
    ('ADR1547','687 Stephen Crossing','Las Vegas','Nevada','United States'),
    ('ADR1548','944 4th Junction','Dallas','Texas','United States'),
    ('ADR1549','79486 Commercial Alley','Denver','Colorado','United States'),
    ('ADR1550','62 Cordelia Terrace','Corpus Christi','Texas','United States'),
    ('ADR1551','19 Green Ridge Drive','Atlanta','Georgia','United States'),
    ('ADR1552','422 Pond Terrace','Minneapolis','Minnesota','United States'),
    ('ADR1553','6 Carey Pass','Waco','Texas','United States'),
    ('ADR1554','30279 Oakridge Parkway','Sacramento','California','United States'),
    ('ADR1555','8717 Ryan Alley','Durham','North Carolina','United States'),
    ('ADR1556','7562 Lakewood Gardens Parkway','Bethlehem','Pennsylvania','United States'),
    ('ADR1557','0428 Norway Maple Avenue','Albuquerque','New Mexico','United States'),
    ('ADR1558','4 Lighthouse Bay Terrace','Trenton','New Jersey','United States'),
    ('ADR1559','507 Farragut Terrace','Stamford','Connecticut','United States'),
    ('ADR1560','2519 Leroy Hill','Garden Grove','California','United States'),
    ('ADR1561','8 Killdeer Hill','Salt Lake City','Utah','United States'),
    ('ADR1562','9718 Rigney Terrace','Houston','Texas','United States'),
    ('ADR1563','44 Sachs Pass','Oklahoma City','Oklahoma','United States'),
    ('ADR1564','46 Swallow Park','West Palm Beach','Florida','United States'),
    ('ADR1565','08195 Beilfuss Terrace','Pittsburgh','Pennsylvania','United States'),
    ('ADR1566','64 Grasskamp Trail','Modesto','California','United States'),
    ('ADR1567','13 Grover Junction','Tallahassee','Florida','United States'),
    ('ADR1568','00 Loftsgordon Trail','Hicksville','New York','United States'),
    ('ADR1569','21 Trailsway Way','Phoenix','Arizona','United States'),
    ('ADR1570','91 Lindbergh Court','Sarasota','Florida','United States'),
    ('ADR1571','7 Daystar Terrace','Saint Louis','Missouri','United States'),
    ('ADR1572','63 Trailsway Drive','Memphis','Tennessee','United States'),
    ('ADR1573','5009 Namekagon Road','Knoxville','Tennessee','United States'),
    ('ADR1574','47943 Glendale Trail','Columbia','Missouri','United States'),
    ('ADR1575','4327 Ohio Circle','Lynchburg','Virginia','United States'),
    ('ADR1576','3687 Merrick Court','Cincinnati','Ohio','United States'),
    ('ADR1577','661 Loomis Way','Des Moines','Iowa','United States'),
    ('ADR1578','4749 Lawn Park','Lancaster','California','United States'),
    ('ADR1579','2 Summer Ridge Terrace','Durham','North Carolina','United States'),
    ('ADR1580','3622 Utah Parkway','Seattle','Washington','United States'),
    ('ADR1581','19337 Esker Terrace','Beaumont','Texas','United States'),
    ('ADR1582','8553 Corscot Park','Newton','Massachusetts','United States'),
    ('ADR1583','984 Center Park','Inglewood','California','United States'),
    ('ADR1584','976 Westridge Crossing','Rochester','New York','United States'),
    ('ADR1585','03300 Northport Drive','Tyler','Texas','United States'),
    ('ADR1586','18 Trailsway Drive','Brooklyn','New York','United States'),
    ('ADR1587','86215 Reindahl Lane','Philadelphia','Pennsylvania','United States'),
    ('ADR1588','9 Calypso Pass','Richmond','Virginia','United States'),
    ('ADR1589','605 Sundown Alley','Meridian','Mississippi','United States'),
    ('ADR1590','7381 Corry Junction','Midland','Texas','United States'),
    ('ADR1591','1 Sunnyside Park','Albany','New York','United States'),
    ('ADR1592','864 Eagle Crest Hill','Charlotte','North Carolina','United States'),
    ('ADR1593','1 International Court','Cleveland','Ohio','United States'),
    ('ADR1594','574 Eastlawn Place','Lexington','Kentucky','United States'),
    ('ADR1595','573 Harper Drive','San Antonio','Texas','United States'),
    ('ADR1596','307 Del Mar Alley','Wilkes Barre','Pennsylvania','United States'),
    ('ADR1597','60000 Calypso Trail','Pittsburgh','Pennsylvania','United States'),
    ('ADR1598','9 Duke Park','Tampa','Florida','United States'),
    ('ADR1599','208 Lukken Trail','Charleston','South Carolina','United States'),
    ('ADR1600','8501 Russell Parkway','Fresno','California','United States'),
    ('ADR1601','60 Atwood Place','Indianapolis','Indiana','United States'),
    ('ADR1602','9167 Bunting Lane','Englewood','Colorado','United States'),
    ('ADR1603','482 Pepper Wood Crossing','Nashville','Tennessee','United States'),
    ('ADR1604','0 Hagan Alley','Charleston','West Virginia','United States'),
    ('ADR1605','0 Judy Trail','Saint Louis','Missouri','United States'),
    ('ADR1606','025 Village Green Park','Oklahoma City','Oklahoma','United States'),
    ('ADR1607','3 Mendota Terrace','Washington','District of Columbia','United States'),
    ('ADR1608','5 8th Road','Savannah','Georgia','United States'),
    ('ADR1609','43346 Crowley Avenue','Austin','Texas','United States'),
    ('ADR1610','817 Briar Crest Pass','Cleveland','Ohio','United States'),
    ('ADR1611','9 Del Mar Crossing','Beaumont','Texas','United States'),
    ('ADR1612','27 Mccormick Junction','San Jose','California','United States'),
    ('ADR1613','583 Granby Circle','Houston','Texas','United States'),
    ('ADR1614','4092 Steensland Hill','El Paso','Texas','United States'),
    ('ADR1615','94 Corscot Lane','Lincoln','Nebraska','United States'),
    ('ADR1616','8762 Grim Lane','Austin','Texas','United States'),
    ('ADR1617','81065 Hansons Place','Young America','Minnesota','United States'),
    ('ADR1618','6 Pond Way','San Jose','California','United States'),
    ('ADR1619','8 Haas Road','Richmond','Virginia','United States'),
    ('ADR1620','240 Oak Court','New York City','New York','United States'),
    ('ADR1621','81551 Raven Trail','Orange','California','United States'),
    ('ADR1622','95 Orin Lane','Springfield','Missouri','United States'),
    ('ADR1623','7 Lakewood Plaza','Honolulu','Hawaii','United States'),
    ('ADR1624','223 Westridge Circle','White Plains','New York','United States'),
    ('ADR1625','12939 Stang Lane','Fort Worth','Texas','United States'),
    ('ADR1626','96 Glacier Hill Place','Houston','Texas','United States'),
    ('ADR1627','6 Loomis Street','Flint','Michigan','United States'),
    ('ADR1628','671 Moland Street','Kansas City','Missouri','United States'),
    ('ADR1629','5 Pond Alley','Colorado Springs','Colorado','United States'),
    ('ADR1630','7 Grover Terrace','Tacoma','Washington','United States'),
    ('ADR1631','314 Sunbrook Alley','Denver','Colorado','United States'),
    ('ADR1632','34 Maple Wood Plaza','Fresno','California','United States'),
    ('ADR1633','7 Nancy Court','Las Vegas','Nevada','United States'),
    ('ADR1634','7 Hagan Alley','Clearwater','Florida','United States'),
    ('ADR1635','1 Magdeline Junction','Birmingham','Alabama','United States'),
    ('ADR1636','2087 Bunker Hill Avenue','Raleigh','North Carolina','United States'),
    ('ADR1637','2 Golden Leaf Court','El Paso','Texas','United States'),
    ('ADR1638','2111 Veith Court','Wilkes Barre','Pennsylvania','United States'),
    ('ADR1639','15491 Westridge Way','Oklahoma City','Oklahoma','United States'),
    ('ADR1640','6 Anniversary Park','Des Moines','Iowa','United States'),
    ('ADR1641','67 Troy Circle','El Paso','Texas','United States'),
    ('ADR1642','695 American Ash Park','Boston','Massachusetts','United States'),
    ('ADR1643','4 Russell Lane','Amarillo','Texas','United States'),
    ('ADR1644','899 Sullivan Plaza','Palm Bay','Florida','United States'),
    ('ADR1645','17201 Hazelcrest Terrace','Boca Raton','Florida','United States'),
    ('ADR1646','812 Carey Court','Erie','Pennsylvania','United States'),
    ('ADR1647','002 Fulton Court','Duluth','Minnesota','United States'),
    ('ADR1648','63 Corben Avenue','Brooklyn','New York','United States'),
    ('ADR1649','3 Onsgard Drive','Fort Lauderdale','Florida','United States'),
    ('ADR1650','97109 Fieldstone Parkway','Mc Keesport','Pennsylvania','United States'),
    ('ADR1651','01654 Village Green Circle','North Hollywood','California','United States'),
    ('ADR1652','46213 Hoepker Way','Albuquerque','New Mexico','United States'),
    ('ADR1653','50 Pierstorff Park','Jacksonville','Florida','United States'),
    ('ADR1654','6980 Gulseth Way','Miami','Florida','United States'),
    ('ADR1655','270 Fordem Plaza','Orlando','Florida','United States'),
    ('ADR1656','63749 Gateway Avenue','Phoenix','Arizona','United States'),
    ('ADR1657','3656 Jana Street','Spartanburg','South Carolina','United States'),
    ('ADR1658','1 Cardinal Point','Wilmington','Delaware','United States'),
    ('ADR1659','72 Schmedeman Plaza','San Diego','California','United States'),
    ('ADR1660','25 Brentwood Crossing','Stockton','California','United States'),
    ('ADR1661','3 Nova Circle','Orlando','Florida','United States'),
    ('ADR1662','026 Lillian Junction','Minneapolis','Minnesota','United States'),
    ('ADR1663','712 Leroy Drive','Colorado Springs','Colorado','United States'),
    ('ADR1664','62153 Dwight Drive','Jamaica','New York','United States'),
    ('ADR1665','1 Main Street','Anchorage','Alaska','United States'),
    ('ADR1666','41338 Dexter Place','Ocala','Florida','United States'),
    ('ADR1667','8505 Blackbird Court','Rochester','New York','United States'),
    ('ADR1668','17 Sunbrook Street','Norfolk','Virginia','United States'),
    ('ADR1669','8985 Green Ridge Avenue','Newark','Delaware','United States'),
    ('ADR1670','949 Mcguire Circle','Muskegon','Michigan','United States'),
    ('ADR1671','68057 Canary Drive','Saint Louis','Missouri','United States'),
    ('ADR1672','81 Gerald Plaza','Des Moines','Iowa','United States'),
    ('ADR1673','595 Hoepker Street','Longview','Texas','United States'),
    ('ADR1674','61 Paget Lane','New Orleans','Louisiana','United States'),
    ('ADR1675','1 Annamark Junction','Philadelphia','Pennsylvania','United States'),
    ('ADR1676','8 Vera Pass','Albany','New York','United States'),
    ('ADR1677','95 Scofield Pass','Sacramento','California','United States'),
    ('ADR1678','02 Talmadge Alley','San Francisco','California','United States'),
    ('ADR1679','8248 Pleasure Terrace','Rochester','New York','United States'),
    ('ADR1680','6 Grayhawk Circle','Nashville','Tennessee','United States'),
    ('ADR1681','7 Jana Point','Washington','District of Columbia','United States'),
    ('ADR1682','08 Algoma Plaza','Boulder','Colorado','United States'),
    ('ADR1683','16920 Briar Crest Drive','Topeka','Kansas','United States'),
    ('ADR1684','4072 Monica Pass','El Paso','Texas','United States'),
    ('ADR1685','6 Delladonna Way','Hampton','Virginia','United States'),
    ('ADR1686','06511 Shasta Way','Fort Worth','Texas','United States'),
    ('ADR1687','94527 Moulton Pass','Baltimore','Maryland','United States'),
    ('ADR1688','8978 Norway Maple Lane','Canton','Ohio','United States'),
    ('ADR1689','79 Granby Center','El Paso','Texas','United States'),
    ('ADR1690','609 Canary Place','Lakeland','Florida','United States'),
    ('ADR1691','1 Springs Circle','Portland','Oregon','United States'),
    ('ADR1692','52985 Arizona Terrace','New Orleans','Louisiana','United States'),
    ('ADR1693','97328 Susan Terrace','Long Beach','California','United States'),
    ('ADR1694','29 Loftsgordon Terrace','New York City','New York','United States'),
    ('ADR1695','9976 Vernon Pass','Youngstown','Ohio','United States'),
    ('ADR1696','6761 Pankratz Road','Montgomery','Alabama','United States'),
    ('ADR1697','2 Heath Pass','Atlanta','Georgia','United States'),
    ('ADR1698','903 Bunker Hill Crossing','Young America','Minnesota','United States'),
    ('ADR1699','82 Bultman Alley','Houston','Texas','United States'),
    ('ADR1700','8 Kim Circle','Shreveport','Louisiana','United States'),
    ('ADR1701','0 Northland Drive','Tyler','Texas','United States'),
    ('ADR1702','6055 Glacier Hill Trail','West Palm Beach','Florida','United States'),
    ('ADR1703','72 Sherman Junction','Terre Haute','Indiana','United States'),
    ('ADR1704','4 Di Loreto Center','Cleveland','Ohio','United States'),
    ('ADR1705','9 Duke Lane','Ogden','Utah','United States'),
    ('ADR1706','1 Larry Point','Memphis','Tennessee','United States'),
    ('ADR1707','28 Independence Alley','Scranton','Pennsylvania','United States'),
    ('ADR1708','902 Cody Park','Shawnee Mission','Kansas','United States'),
    ('ADR1709','42 Buell Pass','Chicago','Illinois','United States'),
    ('ADR1710','87 Northfield Parkway','Carson City','Nevada','United States'),
    ('ADR1711','307 Park Meadow Pass','Oklahoma City','Oklahoma','United States'),
    ('ADR1712','707 Springview Hill','Panama City','Florida','United States'),
    ('ADR1713','6800 Grim Street','Gatesville','Texas','United States'),
    ('ADR1714','93686 Jana Crossing','Lubbock','Texas','United States'),
    ('ADR1715','1065 Eagan Pass','Anaheim','California','United States'),
    ('ADR1716','525 Westerfield Trail','Spokane','Washington','United States'),
    ('ADR1717','01 Mandrake Junction','Los Angeles','California','United States'),
    ('ADR1718','10 Springview Crossing','Ridgely','Maryland','United States'),
    ('ADR1719','21491 Carey Plaza','Oklahoma City','Oklahoma','United States'),
    ('ADR1720','6 Chinook Terrace','Pensacola','Florida','United States'),
    ('ADR1721','809 Miller Road','Arlington','Virginia','United States'),
    ('ADR1722','8 Daystar Court','Dallas','Texas','United States'),
    ('ADR1723','8 Milwaukee Hill','El Paso','Texas','United States'),
    ('ADR1724','1746 Doe Crossing Point','Jackson','Mississippi','United States'),
    ('ADR1725','8 Shoshone Terrace','Miami','Florida','United States'),
    ('ADR1726','39328 Twin Pines Crossing','Jamaica','New York','United States'),
    ('ADR1727','106 John Wall Point','Boulder','Colorado','United States'),
    ('ADR1728','6496 Mayer Drive','Carol Stream','Illinois','United States'),
    ('ADR1729','01153 Canary Crossing','San Diego','California','United States'),
    ('ADR1730','97 Darwin Crossing','Pittsburgh','Pennsylvania','United States'),
    ('ADR1731','46 Northridge Avenue','Bellevue','Washington','United States'),
    ('ADR1732','291 David Road','Huntington','West Virginia','United States'),
    ('ADR1733','43536 Debra Street','Shreveport','Louisiana','United States'),
    ('ADR1734','51 Dryden Crossing','Savannah','Georgia','United States'),
    ('ADR1735','64 Kingsford Plaza','Independence','Missouri','United States'),
    ('ADR1736','2 Washington Street','Evansville','Indiana','United States'),
    ('ADR1737','519 Spenser Circle','Jackson','Mississippi','United States'),
    ('ADR1738','628 Dovetail Terrace','Maple Plain','Minnesota','United States'),
    ('ADR1739','04727 Maywood Center','Buffalo','New York','United States'),
    ('ADR1740','145 Bashford Circle','Shreveport','Louisiana','United States'),
    ('ADR1741','498 Scott Junction','Birmingham','Alabama','United States'),
    ('ADR1742','4585 Duke Junction','Birmingham','Alabama','United States'),
    ('ADR1743','635 Cordelia Junction','Atlanta','Georgia','United States'),
    ('ADR1744','612 Larry Pass','Waco','Texas','United States'),
    ('ADR1745','96 Lindbergh Plaza','East Saint Louis','Illinois','United States'),
    ('ADR1746','2709 Hazelcrest Drive','Tallahassee','Florida','United States'),
    ('ADR1747','32473 Thackeray Parkway','Phoenix','Arizona','United States'),
    ('ADR1748','5215 Mosinee Crossing','Paterson','New Jersey','United States'),
    ('ADR1749','92 Sommers Drive','Orlando','Florida','United States'),
    ('ADR1750','5 Prairie Rose Avenue','El Paso','Texas','United States');
INSERT INTO ADDRESS VALUES
    ('ADR1751','4712 Esch Crossing','Washington','District of Columbia','United States'),
    ('ADR1752','673 Kensington Court','Indianapolis','Indiana','United States'),
    ('ADR1753','64491 Red Cloud Point','Memphis','Tennessee','United States'),
    ('ADR1754','44982 Hoffman Park','Houston','Texas','United States'),
    ('ADR1755','691 Derek Court','Memphis','Tennessee','United States'),
    ('ADR1756','60487 Crescent Oaks Place','Lynchburg','Virginia','United States'),
    ('ADR1757','86 Sundown Street','Shawnee Mission','Kansas','United States'),
    ('ADR1758','12250 Eagle Crest Way','Albany','New York','United States'),
    ('ADR1759','2 Karstens Circle','Reno','Nevada','United States'),
    ('ADR1760','2342 Scoville Parkway','Hicksville','New York','United States'),
    ('ADR1761','32234 Bunting Avenue','Lake Charles','Louisiana','United States'),
    ('ADR1762','6 Carberry Street','Pocatello','Idaho','United States'),
    ('ADR1763','72 Farmco Road','El Paso','Texas','United States'),
    ('ADR1764','17858 Sheridan Alley','Glendale','California','United States'),
    ('ADR1765','88 Maple Alley','El Paso','Texas','United States'),
    ('ADR1766','083 Rusk Pass','Indianapolis','Indiana','United States'),
    ('ADR1767','0966 Buhler Trail','Sacramento','California','United States'),
    ('ADR1768','27 Nelson Drive','Portsmouth','New Hampshire','United States'),
    ('ADR1769','4 Declaration Road','Silver Spring','Maryland','United States'),
    ('ADR1770','85 Eagan Center','Houston','Texas','United States'),
    ('ADR1771','33767 Corben Drive','Fort Myers','Florida','United States'),
    ('ADR1772','768 Chinook Center','Tampa','Florida','United States'),
    ('ADR1773','930 Vahlen Park','Brooklyn','New York','United States'),
    ('ADR1774','9430 Goodland Trail','New York City','New York','United States'),
    ('ADR1775','26062 Farmco Court','Jamaica','New York','United States'),
    ('ADR1776','433 Bay Pass','Washington','District of Columbia','United States'),
    ('ADR1777','53 Hudson Crossing','Charlotte','North Carolina','United States'),
    ('ADR1778','5 Sutteridge Parkway','Atlanta','Georgia','United States'),
    ('ADR1779','8 Erie Point','Santa Barbara','California','United States'),
    ('ADR1780','8 Vernon Road','Washington','District of Columbia','United States'),
    ('ADR1781','9 Shelley Plaza','New Orleans','Louisiana','United States'),
    ('ADR1782','70 4th Pass','San Antonio','Texas','United States'),
    ('ADR1783','3 Golf Junction','Greensboro','North Carolina','United States'),
    ('ADR1784','16 Mayer Drive','Las Vegas','Nevada','United States'),
    ('ADR1785','01 Del Mar Alley','Monroe','Louisiana','United States'),
    ('ADR1786','6 Almo Crossing','Hartford','Connecticut','United States'),
    ('ADR1787','440 Green Ridge Trail','Minneapolis','Minnesota','United States'),
    ('ADR1788','76996 South Parkway','Cleveland','Ohio','United States'),
    ('ADR1789','20 Bowman Lane','San Jose','California','United States'),
    ('ADR1790','02 Utah Trail','Lancaster','Pennsylvania','United States'),
    ('ADR1791','9 Clarendon Lane','Madison','Wisconsin','United States'),
    ('ADR1792','2 Sycamore Place','Dallas','Texas','United States'),
    ('ADR1793','88458 Toban Road','Panama City','Florida','United States'),
    ('ADR1794','01 Division Circle','Tulsa','Oklahoma','United States'),
    ('ADR1795','9052 Oakridge Road','Richmond','Virginia','United States'),
    ('ADR1796','11 Badeau Avenue','Zephyrhills','Florida','United States'),
    ('ADR1797','126 Mayer Center','Washington','District of Columbia','United States'),
    ('ADR1798','7 Autumn Leaf Center','Saint Louis','Missouri','United States'),
    ('ADR1799','58572 Oakridge Crossing','Las Vegas','Nevada','United States'),
    ('ADR1800','8 Nelson Plaza','Portland','Oregon','United States'),
    ('ADR1801','045 Fisk Place','Roanoke','Virginia','United States'),
    ('ADR1802','7324 Red Cloud Alley','San Jose','California','United States'),
    ('ADR1803','163 Truax Center','Waco','Texas','United States'),
    ('ADR1804','2262 Donald Junction','Oklahoma City','Oklahoma','United States'),
    ('ADR1805','771 Caliangt Junction','Jacksonville','Florida','United States'),
    ('ADR1806','73906 Brickson Park Court','Charlotte','North Carolina','United States'),
    ('ADR1807','6986 Kennedy Crossing','Colorado Springs','Colorado','United States'),
    ('ADR1808','72455 Kings Park','Burbank','California','United States'),
    ('ADR1809','75949 American Ash Terrace','Madison','Wisconsin','United States'),
    ('ADR1810','72 Calypso Court','Nashville','Tennessee','United States'),
    ('ADR1811','53 Mallard Circle','Boca Raton','Florida','United States'),
    ('ADR1812','0 Meadow Vale Avenue','Des Moines','Iowa','United States'),
    ('ADR1813','44 Manley Parkway','Austin','Texas','United States'),
    ('ADR1814','02588 Algoma Street','Charleston','West Virginia','United States'),
    ('ADR1815','7036 Canary Trail','Washington','District of Columbia','United States'),
    ('ADR1816','9 Eggendart Alley','Huntington','West Virginia','United States'),
    ('ADR1817','7932 Ludington Court','Bronx','New York','United States'),
    ('ADR1818','962 Bartillon Hill','Tucson','Arizona','United States'),
    ('ADR1819','4 Ridge Oak Pass','Portland','Oregon','United States'),
    ('ADR1820','99 Eggendart Parkway','Washington','District of Columbia','United States'),
    ('ADR1821','2681 Washington Hill','Hamilton','Ohio','United States'),
    ('ADR1822','25536 Crescent Oaks Parkway','Concord','California','United States'),
    ('ADR1823','8 Stoughton Junction','Detroit','Michigan','United States'),
    ('ADR1824','956 Stang Alley','Evansville','Indiana','United States'),
    ('ADR1825','44503 Russell Park','Youngstown','Ohio','United States'),
    ('ADR1826','593 Charing Cross Lane','Buffalo','New York','United States'),
    ('ADR1827','5164 Hazelcrest Road','Richmond','Virginia','United States'),
    ('ADR1828','66588 Thierer Avenue','Los Angeles','California','United States'),
    ('ADR1829','95 David Park','Omaha','Nebraska','United States'),
    ('ADR1830','73459 Buell Circle','Pompano Beach','Florida','United States'),
    ('ADR1831','25143 Alpine Circle','Shawnee Mission','Kansas','United States'),
    ('ADR1832','15 Algoma Crossing','Ann Arbor','Michigan','United States'),
    ('ADR1833','6961 Arrowood Parkway','Brockton','Massachusetts','United States'),
    ('ADR1834','378 Comanche Center','Bryan','Texas','United States'),
    ('ADR1835','21 Melby Court','Lexington','Kentucky','United States'),
    ('ADR1836','46 Green Ridge Center','Metairie','Louisiana','United States'),
    ('ADR1837','646 Canary Avenue','Spokane','Washington','United States'),
    ('ADR1838','4 Florence Point','Topeka','Kansas','United States'),
    ('ADR1839','69 Michigan Plaza','Waterbury','Connecticut','United States'),
    ('ADR1840','66461 Blackbird Place','Boise','Idaho','United States'),
    ('ADR1841','27 Arapahoe Center','Seattle','Washington','United States'),
    ('ADR1842','9563 Basil Place','San Antonio','Texas','United States'),
    ('ADR1843','2291 Reinke Center','San Diego','California','United States'),
    ('ADR1844','2 Mariners Cove Trail','Erie','Pennsylvania','United States'),
    ('ADR1845','2336 Clove Circle','Trenton','New Jersey','United States'),
    ('ADR1846','7 Union Hill','Omaha','Nebraska','United States'),
    ('ADR1847','64775 Graedel Road','Glendale','Arizona','United States'),
    ('ADR1848','8 Red Cloud Point','Richmond','Virginia','United States'),
    ('ADR1849','933 Roxbury Hill','Louisville','Kentucky','United States'),
    ('ADR1850','235 Pleasure Avenue','Temple','Texas','United States'),
    ('ADR1851','0 Derek Center','Greenville','South Carolina','United States'),
    ('ADR1852','20768 Kennedy Center','Fairbanks','Alaska','United States'),
    ('ADR1853','29 Hollow Ridge Place','Macon','Georgia','United States'),
    ('ADR1854','1188 Ridgeway Court','Houston','Texas','United States'),
    ('ADR1855','75 West Drive','Louisville','Kentucky','United States'),
    ('ADR1856','0 Sunfield Drive','Mesa','Arizona','United States'),
    ('ADR1857','87743 Oriole Place','Knoxville','Tennessee','United States'),
    ('ADR1858','73 John Wall Road','Hot Springs National Park','Arkansas','United States'),
    ('ADR1859','4 Nova Hill','Phoenix','Arizona','United States'),
    ('ADR1860','0687 Hooker Park','Topeka','Kansas','United States'),
    ('ADR1861','772 Forster Trail','Dayton','Ohio','United States'),
    ('ADR1862','4707 Trailsway Terrace','Denver','Colorado','United States'),
    ('ADR1863','27 Cody Parkway','Buffalo','New York','United States'),
    ('ADR1864','994 Hanson Hill','Shawnee Mission','Kansas','United States'),
    ('ADR1865','22 Anthes Pass','Rochester','New York','United States'),
    ('ADR1866','322 Green Park','Green Bay','Wisconsin','United States'),
    ('ADR1867','0 Fair Oaks Plaza','Newark','New Jersey','United States'),
    ('ADR1868','3 Washington Junction','Fort Lauderdale','Florida','United States'),
    ('ADR1869','4290 Ridgeview Lane','Clearwater','Florida','United States'),
    ('ADR1870','60 Montana Lane','Silver Spring','Maryland','United States'),
    ('ADR1871','8 Esker Circle','Milwaukee','Wisconsin','United States'),
    ('ADR1872','9 Bayside Junction','Bronx','New York','United States'),
    ('ADR1873','34 Sauthoff Street','Oakland','California','United States'),
    ('ADR1874','119 Hagan Court','Northridge','California','United States'),
    ('ADR1875','168 Pond Way','El Paso','Texas','United States'),
    ('ADR1876','0972 Schiller Avenue','Jamaica','New York','United States'),
    ('ADR1877','5 Red Cloud Pass','Columbus','Ohio','United States'),
    ('ADR1878','1400 Onsgard Street','Pompano Beach','Florida','United States'),
    ('ADR1879','4375 Lillian Drive','Lansing','Michigan','United States'),
    ('ADR1880','703 Hagan Court','Stockton','California','United States'),
    ('ADR1881','5 Oriole Place','Dallas','Texas','United States'),
    ('ADR1882','80531 Darwin Drive','Madison','Wisconsin','United States'),
    ('ADR1883','43 Golf Parkway','Wilkes Barre','Pennsylvania','United States'),
    ('ADR1884','02 Hauk Place','Reston','Virginia','United States'),
    ('ADR1885','62627 Morning Avenue','Springfield','Illinois','United States'),
    ('ADR1886','84 Moose Street','Denver','Colorado','United States'),
    ('ADR1887','0148 Brickson Park Crossing','Columbus','Ohio','United States'),
    ('ADR1888','8751 Hayes Park','Houston','Texas','United States'),
    ('ADR1889','9 Larry Avenue','Birmingham','Alabama','United States'),
    ('ADR1890','98748 Mosinee Drive','Sacramento','California','United States'),
    ('ADR1891','77991 Graedel Drive','Santa Fe','New Mexico','United States'),
    ('ADR1892','271 8th Way','Washington','District of Columbia','United States'),
    ('ADR1893','8 Sugar Way','Philadelphia','Pennsylvania','United States'),
    ('ADR1894','73091 Carberry Terrace','Houston','Texas','United States'),
    ('ADR1895','59 Atwood Place','High Point','North Carolina','United States'),
    ('ADR1896','53 Kings Place','Reno','Nevada','United States'),
    ('ADR1897','836 Gulseth Center','Abilene','Texas','United States'),
    ('ADR1898','1696 Redwing Road','Nashville','Tennessee','United States'),
    ('ADR1899','3 Dexter Terrace','Olympia','Washington','United States'),
    ('ADR1900','300 Transport Crossing','Minneapolis','Minnesota','United States'),
    ('ADR1901','8 Anhalt Way','Washington','District of Columbia','United States'),
    ('ADR1902','5 Hovde Road','Houston','Texas','United States'),
    ('ADR1903','293 Vera Point','Newark','New Jersey','United States'),
    ('ADR1904','49058 Meadow Vale Trail','Cleveland','Ohio','United States'),
    ('ADR1905','496 Tony Terrace','Mobile','Alabama','United States'),
    ('ADR1906','538 Mayfield Circle','Boise','Idaho','United States'),
    ('ADR1907','12339 Pierstorff Park','Louisville','Kentucky','United States'),
    ('ADR1908','96251 Mallard Street','Louisville','Kentucky','United States'),
    ('ADR1909','8 Artisan Hill','New York City','New York','United States'),
    ('ADR1910','28 Stuart Alley','Toledo','Ohio','United States'),
    ('ADR1911','21 Northwestern Center','Jacksonville','Florida','United States'),
    ('ADR1912','32231 Melvin Junction','Phoenix','Arizona','United States'),
    ('ADR1913','17 Bowman Point','Sacramento','California','United States'),
    ('ADR1914','22626 Harper Junction','Saint Louis','Missouri','United States'),
    ('ADR1915','5 Garrison Plaza','Boca Raton','Florida','United States'),
    ('ADR1916','7877 Fair Oaks Hill','Norfolk','Virginia','United States'),
    ('ADR1917','1608 Sauthoff Crossing','Huntington','West Virginia','United States'),
    ('ADR1918','16682 Commercial Trail','Vienna','Virginia','United States'),
    ('ADR1919','7 Boyd Court','Birmingham','Alabama','United States'),
    ('ADR1920','18 Memorial Trail','Murfreesboro','Tennessee','United States'),
    ('ADR1921','75831 Rigney Alley','Charleston','West Virginia','United States'),
    ('ADR1922','7435 Mallard Parkway','Birmingham','Alabama','United States'),
    ('ADR1923','202 Crownhardt Parkway','Houston','Texas','United States'),
    ('ADR1924','83 Tony Terrace','Chicago','Illinois','United States'),
    ('ADR1925','0428 Judy Lane','Richmond','Virginia','United States'),
    ('ADR1926','6 Londonderry Avenue','Sacramento','California','United States'),
    ('ADR1927','3199 Crownhardt Hill','Houston','Texas','United States'),
    ('ADR1928','59404 Stephen Circle','Denver','Colorado','United States'),
    ('ADR1929','69 Center Court','Abilene','Texas','United States'),
    ('ADR1930','4 Logan Way','Jamaica','New York','United States'),
    ('ADR1931','6064 Tomscot Avenue','Nashville','Tennessee','United States'),
    ('ADR1932','8247 Burrows Drive','Valley Forge','Pennsylvania','United States'),
    ('ADR1933','98782 Ronald Regan Lane','Columbus','Ohio','United States'),
    ('ADR1934','0 Bay Pass','Killeen','Texas','United States'),
    ('ADR1935','619 Merchant Pass','Toledo','Ohio','United States'),
    ('ADR1936','4651 Di Loreto Street','Vancouver','Washington','United States'),
    ('ADR1937','8 Little Fleur Drive','Fort Wayne','Indiana','United States'),
    ('ADR1938','832 Ridgeview Drive','Orange','California','United States'),
    ('ADR1939','7455 Gateway Park','Brooklyn','New York','United States'),
    ('ADR1940','653 Stuart Circle','Atlanta','Georgia','United States'),
    ('ADR1941','13671 Annamark Crossing','Huntsville','Texas','United States'),
    ('ADR1942','5 Moose Hill','Fort Wayne','Indiana','United States'),
    ('ADR1943','2419 Anhalt Drive','Racine','Wisconsin','United States'),
    ('ADR1944','37 8th Center','Minneapolis','Minnesota','United States'),
    ('ADR1945','2 Dakota Way','Charlotte','North Carolina','United States'),
    ('ADR1946','15788 Transport Parkway','San Diego','California','United States'),
    ('ADR1947','63 Messerschmidt Junction','Ogden','Utah','United States'),
    ('ADR1948','37 Oxford Pass','Macon','Georgia','United States'),
    ('ADR1949','2 Atwood Parkway','Charlotte','North Carolina','United States'),
    ('ADR1950','742 Division Place','Baltimore','Maryland','United States'),
    ('ADR1951','80 Kinsman Pass','Trenton','New Jersey','United States'),
    ('ADR1952','346 Macpherson Lane','Dallas','Texas','United States'),
    ('ADR1953','87308 Twin Pines Lane','Saint Louis','Missouri','United States'),
    ('ADR1954','07 Stoughton Drive','Oklahoma City','Oklahoma','United States'),
    ('ADR1955','51221 Michigan Lane','Muncie','Indiana','United States'),
    ('ADR1956','76928 Hoffman Junction','Aurora','Colorado','United States'),
    ('ADR1957','6 Amoth Hill','Pueblo','Colorado','United States'),
    ('ADR1958','7 Rockefeller Park','Jefferson City','Missouri','United States'),
    ('ADR1959','214 Shopko Point','Oklahoma City','Oklahoma','United States'),
    ('ADR1960','1 Sunfield Parkway','New Haven','Connecticut','United States'),
    ('ADR1961','285 Pond Alley','Bismarck','North Dakota','United States'),
    ('ADR1962','855 Aberg Park','Scottsdale','Arizona','United States'),
    ('ADR1963','553 Graceland Street','Fresno','California','United States'),
    ('ADR1964','9 Blue Bill Park Center','Washington','District of Columbia','United States'),
    ('ADR1965','10 Montana Hill','Fort Smith','Arkansas','United States'),
    ('ADR1966','22 Nova Trail','Irvine','California','United States'),
    ('ADR1967','6603 Summerview Way','Wichita Falls','Texas','United States'),
    ('ADR1968','12 Delaware Avenue','Phoenix','Arizona','United States'),
    ('ADR1969','331 Artisan Alley','Shreveport','Louisiana','United States'),
    ('ADR1970','9581 Northridge Hill','Topeka','Kansas','United States'),
    ('ADR1971','1313 Sunfield Circle','Norfolk','Virginia','United States'),
    ('ADR1972','7203 Welch Avenue','El Paso','Texas','United States'),
    ('ADR1973','4 International Place','Dallas','Texas','United States'),
    ('ADR1974','59504 Elmside Alley','Mountain View','California','United States'),
    ('ADR1975','6 Lerdahl Hill','Pensacola','Florida','United States'),
    ('ADR1976','41 Crest Line Avenue','Fort Worth','Texas','United States'),
    ('ADR1977','4806 Hanover Center','Columbus','Ohio','United States'),
    ('ADR1978','16989 Summer Ridge Trail','Austin','Texas','United States'),
    ('ADR1979','814 Coolidge Center','Saint Augustine','Florida','United States'),
    ('ADR1980','0996 Golden Leaf Point','Tucson','Arizona','United States'),
    ('ADR1981','94826 Arapahoe Terrace','Fort Wayne','Indiana','United States'),
    ('ADR1982','2 Marcy Point','Little Rock','Arkansas','United States'),
    ('ADR1983','96 Ruskin Road','Orlando','Florida','United States'),
    ('ADR1984','172 Blaine Plaza','Bakersfield','California','United States'),
    ('ADR1985','272 Larry Center','Portsmouth','New Hampshire','United States'),
    ('ADR1986','9 Sunfield Plaza','El Paso','Texas','United States'),
    ('ADR1987','90 Hovde Street','Dallas','Texas','United States'),
    ('ADR1988','05010 Pepper Wood Crossing','Fargo','North Dakota','United States'),
    ('ADR1989','89 Lillian Lane','Shawnee Mission','Kansas','United States'),
    ('ADR1990','72 Caliangt Street','Cincinnati','Ohio','United States'),
    ('ADR1991','0393 Tennyson Junction','Durham','North Carolina','United States'),
    ('ADR1992','27 Menomonie Trail','Chattanooga','Tennessee','United States'),
    ('ADR1993','9 Transport Drive','Dayton','Ohio','United States'),
    ('ADR1994','42 Declaration Lane','Philadelphia','Pennsylvania','United States'),
    ('ADR1995','180 Lake View Road','Chicago','Illinois','United States'),
    ('ADR1996','483 Rieder Trail','Dallas','Texas','United States'),
    ('ADR1997','446 Vernon Park','Pensacola','Florida','United States'),
    ('ADR1998','215 Myrtle Road','Portland','Oregon','United States'),
    ('ADR1999','2 Melody Road','Houston','Texas','United States'),
    ('ADR2000','56 Golf View Alley','Sacramento','California','United States');

INSERT INTO STUDENTS (ID, FIRST_NAME, LAST_NAME, GENDER, AGE, DOB)
VALUES
  ('STD10004', 'Phoenix', 'Garcia', 'Male', 6, '2014-05-17'),
  ('STD10005', 'Maddox', 'Doyle', 'Male', 7, '2013-11-29'),
  ('STD10006', 'Arianna', 'Fleming', 'Female', 6, '2014-02-10'),
  ('STD10007', 'Daphne', 'Riley', 'Female', 5, '2015-06-20'),
  ('STD10008', 'Zane', 'Pierce', 'Male', 8, '2012-12-12'),
  ('STD10009', 'Luna', 'Blake', 'Female', 7, '2013-10-04'),
  ('STD10010', 'Kai', 'Holloway', 'Male', 5, '2015-04-18'),
  ('STD10011', 'Noelle', 'Howe', 'Female', 6, '2014-01-02'),
  ('STD10012', 'Ryker', 'Gibson', 'Male', 7, '2013-09-15'),
  ('STD10013', 'Isabella', 'Chavez', 'Female', 8, '2012-11-22'),
  ('STD10014', 'Cruz', 'Lawson', 'Male', 5, '2015-03-08'),
  ('STD10015', 'Emery', 'Wallace', 'Female', 7, '2013-07-11'),
  ('STD10016', 'Kian', 'Schneider', 'Male', 6, '2014-04-03'),
  ('STD10017', 'Selena', 'Yates', 'Female', 5, '2015-05-25'),
  ('STD10018', 'Rhys', 'Hale', 'Male', 8, '2012-10-28'),
  ('STD10019', 'Elaina', 'Greer', 'Female', 7, '2013-08-01'),
  ('STD10020', 'Axel', 'Santana', 'Male', 5, '2015-02-14'),
  ('STD10021', 'Nia', 'McCarthy', 'Female', 6, '2014-03-07'),
  ('STD10022', 'Brennan', 'Walters', 'Male', 7, '2013-10-20'),
  ('STD10023', 'Leia', 'Sandoval', 'Female', 8, '2012-12-24'),
  ('STD10024', 'Jagger', 'Rowe', 'Male', 5, '2015-04-06'),
  ('STD10025', 'Talia', 'Anthony', 'Female', 6, '2014-01-19');


INSERT INTO PARENTS VALUES
            ('P00001','Franzen','Ambrosi','Male','ADR1030'),
            ('P00002','Renae','Alexsandrowicz','Female','ADR1031'),
            ('P00003','Olin','Kerner','Male','ADR1032'),
            ('P00004','Kristina','Shord','Female','ADR1033'),
            ('P00005','Ciro','Garnall','Male','ADR1034'),
            ('P00006','Evaleen','Edward','Female','ADR1035'),
            ('P00007','Izzy','Lushey','Male','ADR1036'),
            ('P00008','Tamiko','Ferroli','Female','ADR1037'),
            ('P00009','Selby','Weymouth','Male','ADR1038'),
            ('P00010','Tabbitha','O''Fogarty','Female','ADR1039'),
            ('P00011','Sibella','Wigsell','Female','ADR1040'),
            ('P00012','Brendon','Smissen','Male','ADR1041'),
            ('P00013','Emlyn','Heighton','Male','ADR1042'),
            ('P00014','Carmel','Eagleton','Female','ADR1043'),
            ('P00015','Brandon','Macklin','Male','ADR1044'),
            ('P00016','Cindra','Coleborn','Female','ADR1045'),
            ('P00017','Cully','Powland','Male','ADR1046'),
            ('P00018','Nathanil','Mathes','Male','ADR1047'),
            ('P00019','Evaleen','Liddle','Female','ADR1048'),
            ('P00020','Onfroi','Twyning','Male','ADR1049'),
            ('P00021','Rickie','De Lasci','Female','ADR1050'),
            ('P00022','Gib','Rigler','Male','ADR1051'),
            ('P00023','Allix','Checo','Female','ADR1052'),
            ('P00024','Elysha','MacLaverty','Female','ADR1053'),
            ('P00025','Anita','Carbery','Female','ADR1054'),
            ('P00026','Dorthea','Shovell','Female','ADR1055'),
            ('P00027','Julina','Yapp','Female','ADR1056'),
            ('P00028','Neall','Chipperfield','Male','ADR1057'),
            ('P00029','Ferrel','Mordie','Male','ADR1058'),
            ('P00030','Donella','Petschel','Female','ADR1059'),
            ('P00031','Benedikt','O''Sheils','Male','ADR1060'),
            ('P00032','Auguste','Drane','Female','ADR1061'),
            ('P00033','Timmie','Basler','Male','ADR1062'),
            ('P00034','Barr','Pirdue','Male','ADR1063'),
            ('P00035','Rose','Reith','Female','ADR1064'),
            ('P00036','Oralie','Ciccetti','Female','ADR1065'),
            ('P00037','Sula','Whitehorne','Female','ADR1066'),
            ('P00038','Aloisia','Monnoyer','Female','ADR1067'),
            ('P00039','Bellanca','Tuffield','Female','ADR1068'),
            ('P00040','Jana','Shank','Female','ADR1069'),
            ('P00041','Adrien','St. Pierre','Male','ADR1070'),
            ('P00042','Bernie','Pinchback','Male','ADR1071'),
            ('P00043','Hurleigh','Lamers','Male','ADR1072'),
            ('P00044','Berna','Comben','Female','ADR1073'),
            ('P00045','Waylen','Sanbrooke','Male','ADR1074'),
            ('P00046','Derrik','Disbury','Male','ADR1075'),
            ('P00047','Lianne','Stanbro','Female','ADR1076'),
            ('P00048','Osbourne','Parratt','Male','ADR1077'),
            ('P00049','Earlie','Portingale','Male','ADR1078'),
            ('P00050','Bobbette','Iacovides','Female','ADR1079'),
            ('P00051','Deeanne','Bareford','Female','ADR1080'),
            ('P00052','Lorrie','Trout','Female','ADR1081'),
            ('P00053','Revkah','Garrit','Female','ADR1082'),
            ('P00054','Janessa','Powers','Female','ADR1083'),
            ('P00055','Clementina','Holhouse','Female','ADR1084'),
            ('P00056','Terrance','Cardew','Male','ADR1085'),
            ('P00057','Kirbee','Lammerding','Female','ADR1086'),
            ('P00058','Gonzales','Doohey','Male','ADR1087'),
            ('P00059','Dorella','Clifton','Female','ADR1088'),
            ('P00060','Guthrie','Sawdy','Male','ADR1089'),
            ('P00061','Birdie','Walworche','Female','ADR1090'),
            ('P00062','Lesley','Cuttin','Male','ADR1091'),
            ('P00063','Alfred','Penhall','Male','ADR1092'),
            ('P00064','Emelia','Edge','Female','ADR1093'),
            ('P00065','Nolly','Passman','Male','ADR1094'),
            ('P00066','Lurlene','D''Costa','Female','ADR1095'),
            ('P00067','Scarlett','Bartalot','Female','ADR1096'),
            ('P00068','Eddie','Raddish','Male','ADR1097'),
            ('P00069','Daphene','Delgardo','Female','ADR1098'),
            ('P00070','Agnella','Pochin','Female','ADR1099'),
            ('P00071','Davidde','Broome','Male','ADR1100'),
            ('P00072','Jacinta','Bonnet','Female','ADR1101'),
            ('P00073','Chaddie','Rockingham','Male','ADR1102'),
            ('P00074','Kennie','Yoodall','Male','ADR1103'),
            ('P00075','Aland','Windrus','Male','ADR1104'),
            ('P00076','Haydon','Chaplyn','Male','ADR1105'),
            ('P00077','Shandeigh','Campsall','Female','ADR1106'),
            ('P00078','Nathanial','Harome','Male','ADR1107'),
            ('P00079','Weber','Barthelmes','Male','ADR1108'),
            ('P00080','Hyacinth','Heys','Female','ADR1109'),
            ('P00081','Reinhard','Dikes','Male','ADR1110'),
            ('P00082','Euell','Strickett','Male','ADR1111'),
            ('P00083','Lorenzo','Schwieso','Male','ADR1112'),
            ('P00084','Hedda','VanBrugh','Female','ADR1113'),
            ('P00085','Dominique','Wickman','Female','ADR1114'),
            ('P00086','Orren','Gaishson','Male','ADR1115'),
            ('P00087','Brod','Signorelli','Male','ADR1116'),
            ('P00088','Flemming','Cliffe','Male','ADR1117'),
            ('P00089','Millicent','Shevels','Female','ADR1118'),
            ('P00090','Valerie','Edes','Female','ADR1119'),
            ('P00091','Pearla','Stodart','Female','ADR1120'),
            ('P00092','Irene','Kubczak','Female','ADR1121'),
            ('P00093','Averill','Altimas','Male','ADR1122'),
            ('P00094','Gretel','Bourges','Female','ADR1123'),
            ('P00095','Mavis','Yitzovicz','Female','ADR1124'),
            ('P00096','Jaye','Stoggell','Male','ADR1125'),
            ('P00097','Barney','Tessyman','Male','ADR1126'),
            ('P00098','Paten','Mackelworth','Male','ADR1127'),
            ('P00099','Batsheva','Cafferty','Female','ADR1128'),
            ('P00100','Geordie','Leist','Male','ADR1129'),
            ('P00101','Tripp','Hedling','Male','ADR1130'),
            ('P00102','Daune','Eastup','Female','ADR1131'),
            ('P00103','Barron','Hatt','Male','ADR1132'),
            ('P00104','Delilah','MacGowing','Female','ADR1133'),
            ('P00105','Brennan','Caile','Male','ADR1134'),
            ('P00106','Meredith','Tompkiss','Female','ADR1135'),
            ('P00107','Lazaro','Briston','Male','ADR1136'),
            ('P00108','Travus','Driscoll','Male','ADR1137'),
            ('P00109','Jefferey','Beddow','Male','ADR1138'),
            ('P00110','Adrian','Hirjak','Male','ADR1139'),
            ('P00111','Ludvig','Lamberth','Male','ADR1140'),
            ('P00112','Travers','Guard','Male','ADR1141'),
            ('P00113','Blayne','D''Agostino','Male','ADR1142'),
            ('P00114','Alix','Tripney','Female','ADR1143'),
            ('P00115','Meier','Antonoczyk','Male','ADR1144'),
            ('P00116','Genni','Slowgrave','Female','ADR1145'),
            ('P00117','Vina','Prewer','Female','ADR1146'),
            ('P00118','Dael','McCloch','Female','ADR1147'),
            ('P00119','Ilka','McCullogh','Female','ADR1148'),
            ('P00120','Evan','Winslow','Male','ADR1149'),
            ('P00121','Sumner','Abarough','Male','ADR1150'),
            ('P00122','Launce','Bengtsen','Male','ADR1151'),
            ('P00123','Sherilyn','Cross','Female','ADR1152'),
            ('P00124','Greg','Jaycox','Male','ADR1153'),
            ('P00125','Vittorio','McNab','Male','ADR1154'),
            ('P00126','Evelyn','Scanlin','Female','ADR1155'),
            ('P00127','Tarrah','Gorring','Female','ADR1156'),
            ('P00128','Aluin','Okroy','Male','ADR1157'),
            ('P00129','Barry','Esp','Female','ADR1158'),
            ('P00130','Trina','Mioni','Female','ADR1159'),
            ('P00131','Leoine','Balfour','Female','ADR1160'),
            ('P00132','Kassia','Flowith','Female','ADR1161'),
            ('P00133','Miner','Duchart','Male','ADR1162'),
            ('P00134','Carola','Wellings','Female','ADR1163'),
            ('P00135','Allyn','MacCombe','Male','ADR1164'),
            ('P00136','Nerte','Chisman','Female','ADR1165'),
            ('P00137','Tobin','Jovanovic','Male','ADR1166'),
            ('P00138','Obediah','Voss','Male','ADR1167'),
            ('P00139','Audrie','Climar','Female','ADR1168'),
            ('P00140','Ezechiel','McShirie','Male','ADR1169'),
            ('P00141','Oliver','Van Schafflaer','Male','ADR1170'),
            ('P00142','Tildy','Vockings','Female','ADR1171'),
            ('P00143','Nonna','Garth','Female','ADR1172'),
            ('P00144','Penny','Davys','Female','ADR1173'),
            ('P00145','Angelica','Laux','Female','ADR1174'),
            ('P00146','Ikey','Rennebeck','Male','ADR1175'),
            ('P00147','Lisabeth','Slyman','Female','ADR1176'),
            ('P00148','Niki','Christofol','Female','ADR1177'),
            ('P00149','Alica','Kenworthey','Female','ADR1178'),
            ('P00150','Jo/ann','Barrick','Female','ADR1179'),
            ('P00151','Zackariah','Shovelbottom','Male','ADR1180'),
            ('P00152','Cody','Folley','Male','ADR1181'),
            ('P00153','Franny','Gwilym','Male','ADR1182'),
            ('P00154','Maura','Burehill','Female','ADR1183'),
            ('P00155','Sallee','Moresby','Female','ADR1184'),
            ('P00156','Stacee','Buchanan','Female','ADR1185'),
            ('P00157','Raphael','Foskett','Male','ADR1186'),
            ('P00158','Marshall','O''Donohue','Male','ADR1187'),
            ('P00159','Cris','Finby','Female','ADR1188'),
            ('P00160','Cassi','Cornes','Female','ADR1189'),
            ('P00161','Chrisse','Yedy','Male','ADR1190'),
            ('P00162','Enrique','Sprigin','Male','ADR1191'),
            ('P00163','Bentley','Giff','Male','ADR1192'),
            ('P00164','Osbourne','Elwill','Male','ADR1193'),
            ('P00165','Joshua','Corkett','Male','ADR1194'),
            ('P00166','Jo','Wilshire','Male','ADR1195'),
            ('P00167','Kara','Matignon','Female','ADR1196'),
            ('P00168','Sonya','Leghorn','Female','ADR1197'),
            ('P00169','Hillel','Brumfitt','Male','ADR1198'),
            ('P00170','Roshelle','Wilshere','Female','ADR1199'),
            ('P00171','Violet','Durak','Female','ADR1200'),
            ('P00172','Doroteya','Siegertsz','Female','ADR1201'),
            ('P00173','Osmond','Gyorgy','Male','ADR1202'),
            ('P00174','Moria','Odd','Female','ADR1203'),
            ('P00175','Wallis','Butlin','Male','ADR1204'),
            ('P00176','Gale','Eddington','Male','ADR1205'),
            ('P00177','Darb','Maro','Female','ADR1206'),
            ('P00178','Marline','D''Alwis','Female','ADR1207'),
            ('P00179','Robb','Elmer','Male','ADR1208'),
            ('P00180','Francisco','Toplis','Male','ADR1209'),
            ('P00181','Alfredo','Breed','Male','ADR1210'),
            ('P00182','Barclay','Cash','Male','ADR1211'),
            ('P00183','Biron','Gebuhr','Male','ADR1212'),
            ('P00184','Jeremy','Veronique','Male','ADR1213'),
            ('P00185','Letti','Overlow','Female','ADR1214'),
            ('P00186','Siusan','Wheater','Female','ADR1215'),
            ('P00187','Othello','Ledson','Male','ADR1216'),
            ('P00188','Wallas','Manwell','Male','ADR1217'),
            ('P00189','Monro','Brazier','Male','ADR1218'),
            ('P00190','Lind','Zanardii','Male','ADR1219'),
            ('P00191','Nola','Seyffert','Female','ADR1220'),
            ('P00192','Minne','Edinburough','Female','ADR1221'),
            ('P00193','Menard','Gallegos','Male','ADR1222'),
            ('P00194','Lianna','Limpkin','Female','ADR1223'),
            ('P00195','Dolly','Wellbank','Female','ADR1224'),
            ('P00196','Stanley','MacGiffin','Male','ADR1225'),
            ('P00197','Marinna','O''Shaughnessy','Female','ADR1226'),
            ('P00198','Linet','Mowday','Female','ADR1227'),
            ('P00199','Justin','Martyns','Male','ADR1228'),
            ('P00200','Concettina','Rief','Female','ADR1229'),
            ('P00201','Robbert','Lafflina','Male','ADR1230'),
            ('P00202','Sunshine','Bramsen','Female','ADR1231'),
            ('P00203','Ilsa','Pringell','Female','ADR1232'),
            ('P00204','Rozalin','Lambregts','Female','ADR1233'),
            ('P00205','Madelyn','Caudray','Female','ADR1234'),
            ('P00206','Harmony','Hellewell','Female','ADR1235'),
            ('P00207','Gwenni','Brockhurst','Female','ADR1236'),
            ('P00208','Bria','Wadesworth','Female','ADR1237'),
            ('P00209','Lowrance','Tritton','Male','ADR1238'),
            ('P00210','Kennedy','Yeulet','Male','ADR1239'),
            ('P00211','Zilvia','Horley','Female','ADR1240'),
            ('P00212','Elisabetta','De Fries','Female','ADR1241'),
            ('P00213','Arielle','Sadat','Female','ADR1242'),
            ('P00214','Russell','McCamish','Male','ADR1243'),
            ('P00215','Anne/marie','Pozer','Female','ADR1244'),
            ('P00216','Nikaniki','Kirkebye','Female','ADR1245'),
            ('P00217','Barthel','Piatek','Male','ADR1246'),
            ('P00218','Tonnie','Hazel','Male','ADR1247'),
            ('P00219','Emmalee','Aloway','Female','ADR1248'),
            ('P00220','Nadiya','Dmitr','Female','ADR1249'),
            ('P00221','Anselm','Bullus','Male','ADR1250'),
            ('P00222','Rudolph','Ellingworth','Male','ADR1251'),
            ('P00223','Stephani','Brockington','Female','ADR1252'),
            ('P00224','Regan','Earpe','Male','ADR1253'),
            ('P00225','Dimitri','MacAdam','Male','ADR1254'),
            ('P00226','Cynde','Crummie','Female','ADR1255'),
            ('P00227','Maximo','Rochewell','Male','ADR1256'),
            ('P00228','Esteban','Argile','Male','ADR1257'),
            ('P00229','Barthel','Lamborne','Male','ADR1258'),
            ('P00230','Marthe','Verlander','Female','ADR1259'),
            ('P00231','Saba','Peterkin','Female','ADR1260'),
            ('P00232','Lonnie','Gopsell','Female','ADR1261'),
            ('P00233','Aldon','Stappard','Male','ADR1262'),
            ('P00234','Jayne','Yonge','Female','ADR1263'),
            ('P00235','Duke','Pawellek','Male','ADR1264'),
            ('P00236','Dael','Malkin','Female','ADR1265'),
            ('P00237','Miquela','Deakan','Female','ADR1266'),
            ('P00238','Veriee','Schanke','Female','ADR1267'),
            ('P00239','Stearn','Stapforth','Male','ADR1268'),
            ('P00240','Sigismond','Hockell','Male','ADR1269'),
            ('P00241','Alphonso','Upcott','Male','ADR1270'),
            ('P00242','Porty','Byers','Male','ADR1271'),
            ('P00243','Henrik','Richie','Male','ADR1272'),
            ('P00244','Lanie','Elstow','Female','ADR1273'),
            ('P00245','Rudy','Huddlestone','Male','ADR1274'),
            ('P00246','Kris','Shetliff','Male','ADR1275'),
            ('P00247','Marjie','Bailles','Female','ADR1276'),
            ('P00248','Inger','Dowsett','Male','ADR1277'),
            ('P00249','Duncan','Monni','Male','ADR1278'),
            ('P00250','Gene','Lintall','Male','ADR1279');


INSERT INTO SUBJECTS (SUBJECT_ID, SUBJECT_NAME) VALUES ('SUBJ1001',  'Mathematics');
INSERT INTO SUBJECTS (SUBJECT_ID, SUBJECT_NAME) VALUES ('SUBJ1002',  'Science');
INSERT INTO SUBJECTS (SUBJECT_ID, SUBJECT_NAME) VALUES ('SUBJ1003',  'Social Studies');
INSERT INTO SUBJECTS (SUBJECT_ID, SUBJECT_NAME) VALUES ('SUBJ1004',  'English');
INSERT INTO SUBJECTS (SUBJECT_ID, SUBJECT_NAME) VALUES ('SUBJ1005',  'Arts');
INSERT INTO SUBJECTS (SUBJECT_ID, SUBJECT_NAME) VALUES ('SUBJ1006',  'Computer Application');
INSERT INTO SUBJECTS (SUBJECT_ID, SUBJECT_NAME) VALUES ('SUBJ1007',  'Music');
INSERT INTO SUBJECTS (SUBJECT_ID, SUBJECT_NAME) VALUES ('SUBJ1008',  'Reading');
INSERT INTO SUBJECTS (SUBJECT_ID, SUBJECT_NAME) VALUES ('SUBJ1009',  'Writing');
INSERT INTO SUBJECTS (SUBJECT_ID, SUBJECT_NAME) VALUES ('SUBJ1010',  'Psychology');
INSERT INTO SUBJECTS (SUBJECT_ID, SUBJECT_NAME) VALUES ('SUBJ1011',  'Physical education');
INSERT INTO SUBJECTS (SUBJECT_ID, SUBJECT_NAME) VALUES ('SUBJ1012',  'Moral Science');


INSERT INTO STAFF (STAFF_ID, STAFF_TYPE, SCHOOL_ID, FIRST_NAME, LAST_NAME, AGE, DOB, GENDER, JOIN_DATE, ADDRESS_ID) 
VALUES 
('STF2004', 'Non/Teaching', 'SCHL1001', 'Shamala', 'Devi', 56, STR_TO_DATE('03/09/1964', '%d/%m/%Y'), 'F', STR_TO_DATE('05/06/2015', '%d/%m/%Y'), 'ADR1002'),
('STF1001', 'Teaching', 'SCHL1001', 'Violet', 'Mascarenhas', 33, STR_TO_DATE('01/01/1987', '%d/%m/%Y'), 'F', STR_TO_DATE('02/03/2006', '%d/%m/%Y'), 'ADR1003'),
('STF1002', 'Teaching', 'SCHL1001', 'Shaheen', 'Maryam', 55, STR_TO_DATE('02/02/1965', '%d/%m/%Y'), 'F', STR_TO_DATE('03/04/1984', '%d/%m/%Y'), 'ADR1004'),
('STF1003', 'Teaching', 'SCHL1001', 'Thelma', 'Silva', 56, STR_TO_DATE('03/03/1964', '%d/%m/%Y'), 'F', STR_TO_DATE('03/05/1983', '%d/%m/%Y'), 'ADR1005'),
('STF1011', 'Teaching', 'SCHL1001', 'Eugine', 'Rebello', 45, STR_TO_DATE('24/04/1975', '%d/%m/%Y'), 'F', STR_TO_DATE('23/06/1994', '%d/%m/%Y'), 'ADR1006'),
('STF1012', 'Teaching', 'SCHL1001', 'Cynthia', 'Sequeira', 48, STR_TO_DATE('26/04/1972', '%d/%m/%Y'), 'F', STR_TO_DATE('26/06/1991', '%d/%m/%Y'), 'ADR1007'),
('STF1013', 'Teaching', 'SCHL1001', 'Veena', 'Bhat', 37, STR_TO_DATE('25/04/1983', '%d/%m/%Y'), 'F', STR_TO_DATE('24/06/2002', '%d/%m/%Y'), 'ADR1008'),
('STF1021', 'Teaching', 'SCHL1001', 'Nelson', 'Dsouza', 35, STR_TO_DATE('25/05/1985', '%d/%m/%Y'), 'M', STR_TO_DATE('24/07/2004', '%d/%m/%Y'), 'ADR1009'),
('STF1022', 'Teaching', 'SCHL1001', 'Mariat', 'Rodrigues', 40, STR_TO_DATE('18/06/1980', '%d/%m/%Y'), 'F', STR_TO_DATE('18/08/1999', '%d/%m/%Y'), 'ADR1010'),
('STF1023', 'Teaching', 'SCHL1001', 'Anita', 'Shetty', 32, STR_TO_DATE('17/07/1988', '%d/%m/%Y'), 'F', STR_TO_DATE('16/09/2007', '%d/%m/%Y'), 'ADR1011'),
('STF1026', 'Teaching', 'SCHL1001', 'Hameed', 'Ansari', 44, STR_TO_DATE('11/08/1976', '%d/%m/%Y'), 'M', STR_TO_DATE('11/10/1995', '%d/%m/%Y'), 'ADR1012'),
('STF1055', 'Teaching', 'SCHL1001', 'Leena', 'Dsouza', 28, STR_TO_DATE('13/09/1992', '%d/%m/%Y'), 'F', STR_TO_DATE('13/11/2011', '%d/%m/%Y'), 'ADR1013'),
('STF2001', 'Non/Teaching', 'SCHL1001', 'Laxmi', 'Narayana', 40, STR_TO_DATE('10/10/1980', '%d/%m/%Y'), 'F', STR_TO_DATE('10/12/1999', '%d/%m/%Y'), 'ADR1014'),
('STF2002', 'Non/Teaching', 'SCHL1001', 'Venkateshwar', 'Prasad', 33, STR_TO_DATE('21/10/1987', '%d/%m/%Y'), 'M', STR_TO_DATE('20/12/2006', '%d/%m/%Y'), 'ADR1015'),
('STF2003', 'Non/Teaching', 'SCHL1001', 'Murali', 'Sharma', 48, STR_TO_DATE('30/09/1972', '%d/%m/%Y'), 'M', STR_TO_DATE('30/11/1991', '%d/%m/%Y'), 'ADR1016'),
('STF2005', 'Non/Teaching', 'SCHL1001', 'Rajesh', 'Kumar', 46, STR_TO_DATE('03/09/1974', '%d/%m/%Y'), 'M', STR_TO_DATE('05/06/2011', '%d/%m/%Y'), 'ADR1017'),
('STF2006', 'Non/Teaching', 'SCHL1001', 'Mohammed', 'Yasin', 36, STR_TO_DATE('03/09/1984', '%d/%m/%Y'), 'M', STR_TO_DATE('05/06/2012', '%d/%m/%Y'), 'ADR1018'),
('STF2007', 'Non/Teaching', 'SCHL1001', 'Raheem', 'Khan', 26, STR_TO_DATE('03/09/1994', '%d/%m/%Y'), 'M', STR_TO_DATE('15/06/2020', '%d/%m/%Y'), 'ADR1019'),
('STF2008', 'Non/Teaching', 'SCHL1001', 'Adarsh', 'Khandelwal', 33, STR_TO_DATE('16/10/1987', '%d/%m/%Y'), 'M', STR_TO_DATE('05/06/2018', '%d/%m/%Y'), 'ADR1020'),
('STF2009', 'Non/Teaching', 'SCHL1001', 'Premalatha', 'Kumari', 43, STR_TO_DATE('25/04/1977', '%d/%m/%Y'), 'F', STR_TO_DATE('05/12/2016', '%d/%m/%Y'), 'ADR1021'),
('STF2010', 'Non/Teaching', 'SCHL1001', 'Eshal', 'Maryam', 25, STR_TO_DATE('22/10/1995', '%d/%m/%Y'), 'F', STR_TO_DATE('01/01/2019', '%d/%m/%Y'), 'ADR1022'),
('STF6006', 'Teaching', 'SCHL1001', 'Shobha', 'Alva', 49, STR_TO_DATE('22/10/1971', '%d/%m/%Y'), 'F', STR_TO_DATE('01/01/2019', '%d/%m/%Y'), 'ADR1022'),
('STF7007', 'Teaching', 'SCHL1001', 'James', 'Harden', 45, STR_TO_DATE('22/10/1975', '%d/%m/%Y'), 'M', STR_TO_DATE('01/01/2019', '%d/%m/%Y'), 'ADR1022');


INSERT INTO STAFF_SALARY (STAFF_ID, SALARY, CURRENCY) VALUES
('STF2004','15000', 'USD'),
('STF1001','8000', 'USD'),
('STF1002','7000', 'USD'),
('STF1003','6000', 'USD'),
('STF1011','11000', 'USD'),
('STF1012','9000', 'USD'),
('STF1013','5000', 'USD'),
('STF1021','7000', 'USD'),
('STF1022','8000', 'USD'),
('STF1023','12000', 'USD'),
('STF1026','12000', 'USD'),
('STF1055','10000', 'USD'),
('STF2001','13000', 'USD'),
('STF2002','4000', 'USD'),
('STF2003','3000', 'USD'),
('STF2005','2500', 'USD'),
('STF2006','4800', 'USD'),
('STF2007','5200', 'USD'),
('STF2008','6500', 'USD'),
('STF2009','9500', 'USD'),
('STF2010','14000', 'USD'),
('STF3333','6000', 'USD'),
('STF4444','7000', 'USD'),
('STF5555','8000', 'USD');


INSERT INTO CLASSES (CLASS_ID, CLASS_NAME, SUBJECT_ID, TEACHER_ID) VALUES
('CLS1001', 'Grade 1', 'SUBJ1008', 'STF1001'),
('CLS1001', 'Grade 1', 'SUBJ1009', 'STF1001'),
('CLS1001', 'Grade 1', 'SUBJ1004', 'STF1002'),
('CLS1002', 'Grade 2', 'SUBJ1008', 'STF1001'),
('CLS1002', 'Grade 2', 'SUBJ1009', 'STF1001'),
('CLS1002', 'Grade 2', 'SUBJ1004', 'STF1002'),
('CLS1002', 'Grade 2', 'SUBJ1007', 'STF1003'),
('CLS1003', 'Grade 3', 'SUBJ1001', 'STF1011'),
('CLS1003', 'Grade 3', 'SUBJ1002', 'STF1012'),
('CLS1003', 'Grade 3', 'SUBJ1003', 'STF1013'),
('CLS1003', 'Grade 3', 'SUBJ1004', 'STF1002'),
('CLS1004', 'Grade 4', 'SUBJ1001', 'STF1011'),
('CLS1004', 'Grade 4', 'SUBJ1002', 'STF1012'),
('CLS1004', 'Grade 4', 'SUBJ1003', 'STF1013'),
('CLS1004', 'Grade 4', 'SUBJ1004', 'STF1002'),
('CLS1005', 'Grade 5', 'SUBJ1001', 'STF1021'),
('CLS1005', 'Grade 5', 'SUBJ1002', 'STF1022'),
('CLS1005', 'Grade 5', 'SUBJ1003', 'STF1023'),
('CLS1005', 'Grade 5', 'SUBJ1004', 'STF1002'),
('CLS1005', 'Grade 5', 'SUBJ1005', 'STF1055'),
('CLS1005', 'Grade 5', 'SUBJ1007', 'STF1003'),
('CLS1006', 'Grade 6', 'SUBJ1001', 'STF1021'),
('CLS1006', 'Grade 6', 'SUBJ1002', 'STF1022'),
('CLS1006', 'Grade 6', 'SUBJ1003', 'STF1023'),
('CLS1006', 'Grade 6', 'SUBJ1004', 'STF1002'),
('CLS1006', 'Grade 6', 'SUBJ1005', 'STF1055'),
('CLS1006', 'Grade 6', 'SUBJ1007', 'STF1003'),
('CLS1007', 'Grade 7', 'SUBJ1001', 'STF1021'),
('CLS1007', 'Grade 7', 'SUBJ1002', 'STF1022'),
('CLS1007', 'Grade 7', 'SUBJ1003', 'STF1023'),
('CLS1007', 'Grade 7', 'SUBJ1004', 'STF1002'),
('CLS1007', 'Grade 7', 'SUBJ1005', 'STF1055'),
('CLS1007', 'Grade 7', 'SUBJ1007', 'STF1003'),
('CLS1008', 'Grade 8', 'SUBJ1001', 'STF1021'),
('CLS1008', 'Grade 8', 'SUBJ1002', 'STF1022'),
('CLS1008', 'Grade 8', 'SUBJ1003', 'STF1023'),
('CLS1008', 'Grade 8', 'SUBJ1006', 'STF1026'),
('CLS1008', 'Grade 8', 'SUBJ1005', 'STF1055'),
('CLS1008', 'Grade 8', 'SUBJ1007', 'STF1003'),
('CLS1009', 'Grade 9', 'SUBJ1001', 'STF1021'),
('CLS1009', 'Grade 9', 'SUBJ1002', 'STF1022'),
('CLS1009', 'Grade 9', 'SUBJ1003', 'STF1023'),
('CLS1009', 'Grade 9', 'SUBJ1006', 'STF1026'),
('CLS1009', 'Grade 9', 'SUBJ1005', 'STF1055'),
('CLS1009', 'Grade 9', 'SUBJ1007', 'STF1003'),
('CLS1010', 'Grade 10', 'SUBJ1001', 'STF1021'),
('CLS1010', 'Grade 10', 'SUBJ1002', 'STF1022'),
('CLS1010', 'Grade 10', 'SUBJ1003', 'STF1023'),
('CLS1010', 'Grade 10', 'SUBJ1006', 'STF1026'),
('CLS1010', 'Grade 10', 'SUBJ1005', 'STF1055'),
('CLS1010', 'Grade 10', 'SUBJ1007', 'STF1003');

